Claim_ID,Customer_Name,Product_Category,Brand,Model_Number,Serial_Number,Purchase_Price,Purchase_Date,Claim_Date,Product_Age_Months,Warranty_Duration_Months,Remaining_Warranty_Months,Fault_Type,Repair_History,Has_Receipt,Has_Warranty_Card,Has_Damage_Photo,Serial_Number_Match,Previous_Unauthorized_Repairs,Duplicate_Claim_Flag,Date_Contradiction_Flag,Missing_Documents_Count,Receipt_Hash,Claim_Class
CLM-0555,Jeffrey Fernandez,Refrigerator,Samsung,SAM-936,SA-391668,1177,2025-04-23,2028-01-27,33.6,24,0.0,Screen Damage,None,True,False,True,False,False,False,False,1,988691df84deb07c,Invalid Claim
CLM-1331,Cynthia Good,Refrigerator,LG,LG-816,LG-416611,533,2024-06-28,2025-06-07,11.5,24,12.5,Water Leakage,None,True,True,True,False,False,False,False,0,4f4538e96d6d3526,Manual Review
CLM-0805,Daniel Huang,Refrigerator,LG,LG-445,LG-974774,1593,2023-10-16,2023-12-01,1.5,24,22.5,Board Defect,None,False,False,True,True,False,False,False,2,770fe1d923115fff,Invalid Claim
CLM-0241,Ashlee Jackson,Smartphone,Apple,APP-142,AP-311383,900,2025-01-30,2025-03-23,1.7,12,10.3,Power Failure,None,True,True,True,True,False,False,False,0,589c18f0a3a20485,Valid Claim
CLM-0834,David Jones,Washing Machine,Whirlpool,WHI-764,WH-911152,1126,2023-10-04,2026-01-01,27.3,24,0.0,Water Leakage,Authorized Center Repair,True,True,True,True,False,False,False,0,d847f34b65e63320,Invalid Claim
CLM-0254,Valerie Lozano,Smartphone,Google,GOO-893,GO-688956,1092,2025-03-11,2025-06-09,3.0,12,9.0,Power Failure,Authorized Center Repair,True,True,True,True,False,False,False,0,f8fc4da335c2e630,Valid Claim
CLM-1031,Sarah Turner,Smartphone,Google,GOO-486,GO-189689,555,2025-09-19,2025-11-19,2.0,12,10.0,Power Failure,None,True,True,True,False,False,False,False,0,aca33974d410c17e,Manual Review
CLM-1419,David Hayes DVM,Laptop,Lenovo,LEN-830,LE-397025,2399,2023-12-02,2023-11-25,-0.2,12,12.0,Power Failure,None,True,True,True,True,False,False,True,0,01056ed2831d4b1d,Manual Review
CLM-0375,Cynthia Allen,Smartphone,Samsung,SAM-442,SA-943135,1078,2025-04-29,2025-11-13,6.6,12,5.4,Water Leakage,Authorized Center Repair,True,True,True,True,False,False,False,0,56639fb1b615abf0,Valid Claim
CLM-0797,Terry Hill,Washing Machine,LG,LG-205,LG-906048,953,2024-02-07,2024-10-17,8.4,24,15.6,Motor Failure,None,False,False,True,False,False,False,False,2,900cf3b5cedc9408,Invalid Claim
CLM-0036,Timothy Koch,Smartphone,Apple,APP-533,AP-378085,1099,2024-10-09,2025-06-28,8.7,12,3.3,Board Defect,Authorized Center Repair,True,True,True,True,False,False,False,0,8a97181edd88c53c,Valid Claim
CLM-0310,Brian Romero,Laptop,HP,HP-367,HP-439320,1577,2025-01-04,2025-06-10,5.2,12,6.8,Water Leakage,None,True,True,True,True,False,False,False,0,b46cc9769784b9bd,Valid Claim
CLM-1131,Lisa Braun,Laptop,HP,HP-814,HP-136183,1578,2024-08-19,2025-03-22,7.2,12,4.8,Board Defect,None,True,True,True,False,False,False,False,0,4fa610a1dbff838d,Manual Review
CLM-1083,Christy Johnson,Washing Machine,Samsung,SAM-542,SA-236243,611,2024-08-05,2025-04-02,8.0,24,16.0,Board Defect,None,True,True,True,True,False,True,False,0,DUP_HASH_REF_001,Manual Review
CLM-1485,Victoria Terrell,Washing Machine,Whirlpool,WHI-948,WH-464699,1181,2025-04-15,2025-06-10,1.9,24,22.1,Power Failure,None,True,True,True,True,False,True,False,0,DUP_HASH_REF_001,Manual Review
CLM-0258,Brent Burton,Laptop,Lenovo,LEN-911,LE-335134,1641,2025-07-08,2025-10-08,3.1,12,8.9,Screen Damage,None,True,True,True,True,False,False,False,0,7e914a84bbb22bed,Valid Claim
CLM-0431,Victoria Contreras,Refrigerator,Bosch,BOS-630,BO-989079,554,2025-03-08,2026-02-09,11.3,24,12.7,Overheating,None,True,True,True,True,False,False,False,0,3b4e2e22f1f502fd,Valid Claim
CLM-0775,Kathy Walsh,Refrigerator,LG,LG-215,LG-704349,1618,2023-11-30,2024-02-02,2.1,24,21.9,Overheating,None,False,False,True,False,False,False,False,2,d32410617256a291,Invalid Claim
CLM-0943,Jeremy Martinez,Laptop,Apple,APP-579,AP-760141,1679,2025-03-14,2026-01-06,9.9,12,2.1,Water Leakage,Unauthorized Repair,True,True,True,False,True,False,False,0,3298449d5db2f817,Invalid Claim
CLM-1410,Stephanie Herrera,Washing Machine,LG,LG-609,LG-997859,820,2024-01-24,2024-01-08,-0.5,24,24.0,Motor Failure,None,True,True,True,True,False,False,True,0,04d628b8ce56fb35,Manual Review
CLM-1195,Jane Mitchell,Laptop,Apple,APP-488,AP-260947,2282,2024-09-07,2025-03-17,6.4,12,5.6,Motor Failure,None,True,True,False,True,False,False,False,1,ff0a9c5bb5cc3359,Manual Review
CLM-0548,Alexander Evans,Laptop,Lenovo,LEN-934,LE-558976,1332,2025-07-05,2025-12-19,5.6,12,6.4,Power Failure,Unauthorized Repair,True,True,True,False,True,False,False,0,9d2c52fb4754d081,Invalid Claim
CLM-1458,Samantha Thompson,Laptop,Dell,DEL-994,DE-548278,1498,2024-06-04,2025-05-20,11.7,12,0.3,Motor Failure,None,True,True,False,True,False,False,False,1,663df53c1f6a42d3,Manual Review
CLM-0315,Sandra Adams,Smartphone,Google,GOO-875,GO-536045,1065,2025-01-11,2025-11-18,10.4,12,1.6,Overheating,Authorized Center Repair,True,True,True,True,False,False,False,0,1dacffd0c8870a19,Valid Claim
CLM-0303,Brandon Simmons,Laptop,Dell,DEL-137,DE-283568,2470,2024-07-31,2025-03-31,8.1,12,3.9,Water Leakage,None,True,True,True,True,False,False,False,0,a9e85a6eda63dd89,Valid Claim
CLM-0180,Melissa Martinez,Laptop,Apple,APP-525,AP-967611,1294,2023-11-07,2024-07-26,8.7,12,3.3,Board Defect,Authorized Center Repair,True,True,True,True,False,False,False,0,30a0074d51a4a7a0,Valid Claim
CLM-0686,Nathan Payne,Laptop,HP,HP-790,HP-885587,1743,2025-05-05,2026-01-02,8.1,12,3.9,Water Leakage,Unauthorized Repair,True,True,True,False,True,False,False,0,e238970db0e54d50,Invalid Claim
CLM-1177,Brian Ward,Laptop,Apple,APP-985,AP-825399,2188,2024-03-07,2024-05-21,2.5,12,9.5,Board Defect,None,True,True,False,True,False,False,False,1,52e5df8d45b909b0,Manual Review
CLM-0853,Jasmine Watson,Smartphone,Samsung,SAM-955,SA-944809,635,2023-12-05,2024-08-08,8.2,12,3.8,Overheating,Unauthorized Repair,True,False,True,True,True,False,False,1,6ddd18017da8f945,Invalid Claim
CLM-1259,Cody Smith,Washing Machine,Samsung,SAM-683,SA-581705,585,2024-10-22,2024-10-11,-0.4,24,24.0,Water Leakage,None,True,True,True,True,False,False,True,0,702dce7ebcef9e0c,Manual Review
CLM-0569,Sandra Williams,Smartphone,Google,GOO-927,GO-806995,1154,2023-12-06,2024-10-04,10.1,12,1.9,Motor Failure,Unauthorized Repair,True,False,True,False,True,False,False,1,da72c018d850e05a,Invalid Claim
CLM-0551,Pamela Johnson,Smartphone,Apple,APP-599,AP-917012,1077,2025-09-23,2026-09-01,11.4,12,0.6,Motor Failure,None,False,True,True,False,False,False,False,1,1d583550c2dce815,Invalid Claim
CLM-1348,Lisa Adams,Refrigerator,Samsung,SAM-298,SA-784219,990,2023-10-16,2024-06-29,8.6,24,15.4,Overheating,None,True,True,True,True,False,True,False,0,DUP_HASH_REF_001,Manual Review
CLM-0010,Valerie Gray,Refrigerator,Samsung,SAM-818,SA-472528,1258,2024-09-16,2025-05-18,8.1,24,15.9,Board Defect,Authorized Center Repair,True,True,True,True,False,False,False,0,aaea1b67c969318c,Valid Claim
CLM-0396,Cynthia Butler,Refrigerator,LG,LG-729,LG-747351,1437,2023-09-27,2024-04-20,6.9,24,17.1,Overheating,Authorized Center Repair,True,True,True,True,False,False,False,0,d3fa7401ec81cac0,Valid Claim
CLM-0323,Lawrence Perry,Refrigerator,LG,LG-483,LG-906325,868,2025-02-21,2025-08-08,5.6,24,18.4,Water Leakage,Authorized Center Repair,True,True,True,True,False,False,False,0,39741a8eb868bbc3,Valid Claim
CLM-0813,Michael Meza,Washing Machine,LG,LG-810,LG-193471,583,2024-12-28,2026-11-25,23.2,24,0.8,Water Leakage,Unauthorized Repair,True,False,True,False,True,False,False,1,51a541576db4955e,Invalid Claim
CLM-0586,Charles Payne,Washing Machine,LG,LG-517,LG-932794,582,2025-06-04,2027-01-26,20.0,24,4.0,Water Leakage,None,False,True,True,False,False,False,False,1,7386b1f1ef413690,Invalid Claim
CLM-0013,Victoria Wyatt,Refrigerator,LG,LG-317,LG-169403,1048,2024-03-21,2024-11-22,8.2,24,15.8,Board Defect,Authorized Center Repair,True,True,True,True,False,False,False,0,ff3a04cc43ffadf1,Valid Claim
CLM-0539,Nichole Lane,Washing Machine,Samsung,SAM-777,SA-368214,1055,2024-04-10,2026-02-07,22.3,24,1.7,Motor Failure,Unauthorized Repair,True,True,True,True,True,False,False,0,e08576dfefdacc58,Invalid Claim
CLM-1413,Alicia Ray,Refrigerator,LG,LG-295,LG-537564,1706,2024-05-28,2025-04-05,10.4,24,13.6,Motor Failure,None,True,True,True,True,False,True,False,0,DUP_HASH_REF_001,Manual Review
CLM-0204,Debra Williams,Refrigerator,Bosch,BOS-205,BO-954628,1821,2025-05-12,2025-11-09,6.0,24,18.0,Screen Damage,None,True,True,True,True,False,False,False,0,548849648994ffa6,Valid Claim
CLM-0825,Tanya Buchanan,Refrigerator,Samsung,SAM-521,SA-732958,1104,2024-12-05,2027-11-16,35.9,24,0.0,Overheating,None,True,True,True,True,False,False,False,0,7e8e1459c20e7b65,Invalid Claim
CLM-1467,Lisa Dixon,Washing Machine,LG,LG-541,LG-632261,908,2023-12-04,2024-08-20,8.7,24,15.3,Water Leakage,None,True,True,True,True,False,True,False,0,DUP_HASH_REF_001,Manual Review
CLM-0308,Shane Pugh,Refrigerator,Bosch,BOS-725,BO-894068,1881,2023-12-29,2024-08-12,7.6,24,16.4,Board Defect,None,True,True,True,True,False,False,False,0,0bcf974f8649f2b3,Valid Claim
CLM-1388,Candace Mitchell DDS,Smartphone,Google,GOO-233,GO-988990,615,2024-08-14,2025-05-29,9.6,12,2.4,Screen Damage,None,True,True,True,False,False,False,False,0,0a282ad4c27e7137,Manual Review
CLM-1226,Cole Jones,Washing Machine,Whirlpool,WHI-711,WH-154567,642,2025-06-15,2026-06-30,12.7,24,11.3,Board Defect,None,True,True,False,True,False,False,False,1,5e43e57b379c8261,Manual Review
CLM-1233,Rick Rivera,Laptop,HP,HP-622,HP-546772,1288,2024-07-10,2025-04-11,9.2,12,2.8,Water Leakage,None,True,True,True,False,False,False,False,0,1d979f49b57038a4,Manual Review
CLM-0197,Charles Brown,Washing Machine,Samsung,SAM-489,SA-551574,1164,2025-08-31,2026-03-28,7.0,24,17.0,Overheating,None,True,True,True,True,False,False,False,0,6f224c03c45ed247,Valid Claim
CLM-0553,Austin Wheeler,Washing Machine,Samsung,SAM-959,SA-861949,1077,2023-10-08,2026-06-30,33.2,24,0.0,Overheating,Authorized Center Repair,True,False,True,True,False,False,False,1,0e84e0b5ba570601,Invalid Claim
CLM-0262,Susan Rivas,Refrigerator,Samsung,SAM-886,SA-770872,1629,2024-07-06,2026-03-29,21.0,24,3.0,Screen Damage,None,True,True,True,True,False,False,False,0,7377be88e30126c3,Valid Claim
CLM-0402,Evelyn Williams,Smartphone,Samsung,SAM-271,SA-535820,1307,2024-12-20,2025-09-03,8.6,12,3.4,Motor Failure,Authorized Center Repair,True,True,True,True,False,False,False,0,b480b54d12a30f8a,Valid Claim
CLM-0625,James Carter,Washing Machine,Whirlpool,WHI-892,WH-520106,793,2025-05-27,2027-04-28,23.4,24,0.6,Screen Damage,Unauthorized Repair,True,False,True,True,True,False,False,1,cefd2744be6435ad,Invalid Claim
CLM-1274,Neil Schmidt,Refrigerator,LG,LG-907,LG-487042,1855,2024-11-02,2025-08-30,10.0,24,14.0,Motor Failure,None,True,True,True,False,False,False,False,0,503726ee7b3bb607,Manual Review
CLM-1090,Mary Faulkner,Laptop,Apple,APP-477,AP-898868,1442,2024-12-08,2025-10-17,10.4,12,1.6,Motor Failure,None,True,True,True,False,False,False,False,0,e48eda57575dc627,Manual Review
CLM-0244,Rebecca Jackson,Refrigerator,LG,LG-447,LG-879414,1319,2024-08-11,2025-12-04,16.0,24,8.0,Screen Damage,Authorized Center Repair,True,True,True,True,False,False,False,0,1e29ce6271060aca,Valid Claim
CLM-0441,Laurie Saunders,Laptop,Dell,DEL-267,DE-842287,625,2025-05-24,2025-09-01,3.3,12,8.7,Water Leakage,None,True,True,True,True,False,False,False,0,7f9e4225c0569cdd,Valid Claim
CLM-0831,Blake Reed,Smartphone,Apple,APP-807,AP-757258,1058,2024-01-13,2025-01-01,11.8,12,0.2,Power Failure,None,False,True,True,False,False,False,False,1,1c9815999b02ec02,Invalid Claim
CLM-1237,Janice Proctor,Refrigerator,LG,LG-199,LG-450520,1244,2025-05-14,2026-04-20,11.4,24,12.6,Board Defect,None,True,True,True,False,False,False,False,0,deb9505ea42bc2a9,Manual Review
CLM-1415,Andre Terrell,Washing Machine,Samsung,SAM-396,SA-254278,1101,2024-01-19,2023-12-29,-0.7,24,24.0,Overheating,None,True,True,True,True,False,False,True,0,21a194a2170641c4,Manual Review
CLM-1024,Holly Chapman,Refrigerator,Samsung,SAM-470,SA-643471,1892,2025-03-26,2026-08-15,16.9,24,7.1,Overheating,None,True,True,False,True,False,False,False,1,283221348c72e468,Manual Review
CLM-1052,Mark Hamilton,Smartphone,Google,GOO-294,GO-224249,433,2024-08-07,2024-07-08,-1.0,12,12.0,Screen Damage,None,True,True,True,True,False,False,True,0,c8a1bdfd05a981bf,Manual Review
CLM-0278,Amanda Wood,Smartphone,Google,GOO-967,GO-399628,1263,2025-09-24,2026-07-25,10.1,12,1.9,Motor Failure,None,True,True,True,True,False,False,False,0,863e834ad1ee0139,Valid Claim
CLM-1373,Madison Miller,Laptop,Dell,DEL-572,DE-118702,1183,2023-12-23,2024-12-16,12.0,12,0.0,Power Failure,None,True,True,True,False,False,False,False,0,2d8a0d048fa3a7ee,Manual Review
CLM-1179,Grace White,Washing Machine,Samsung,SAM-700,SA-801279,1056,2024-09-26,2024-09-21,-0.2,24,24.0,Overheating,None,True,True,True,True,False,False,True,0,06a9dcb153acf8e0,Manual Review
CLM-1142,Kelly Dawson,Laptop,Dell,DEL-383,DE-189870,1200,2024-08-02,2025-03-13,7.4,12,4.6,Motor Failure,None,True,True,True,False,False,False,False,0,bf9fc77c212066be,Manual Review
CLM-0177,Vanessa Warren,Laptop,Dell,DEL-490,DE-388375,858,2024-04-27,2025-03-22,11.0,12,1.0,Overheating,Authorized Center Repair,True,True,True,True,False,False,False,0,dcc7739e574c493a,Valid Claim
CLM-0519,Margaret Sullivan,Refrigerator,LG,LG-150,LG-978343,834,2024-02-09,2024-06-10,4.1,24,19.9,Screen Damage,Authorized Center Repair,False,True,True,False,False,False,False,1,1890284369f72424,Invalid Claim
CLM-0148,Alex Hernandez,Smartphone,Google,GOO-493,GO-579027,812,2024-04-05,2024-10-06,6.1,12,5.9,Water Leakage,None,True,True,True,True,False,False,False,0,f8a896305e4d4213,Valid Claim
CLM-1262,Pamela Moore,Washing Machine,Whirlpool,WHI-486,WH-243960,939,2024-11-06,2024-12-18,1.4,24,22.6,Water Leakage,None,True,True,True,False,False,False,False,0,301ec2b9874b30db,Manual Review
CLM-1122,Joseph Perez,Washing Machine,Samsung,SAM-551,SA-496065,807,2025-08-05,2026-02-22,6.7,24,17.3,Water Leakage,None,True,True,False,True,False,False,False,1,922fdba5783914fb,Manual Review
CLM-0081,Amanda Cook,Refrigerator,LG,LG-784,LG-130434,1494,2024-08-20,2025-10-22,14.3,24,9.7,Board Defect,Authorized Center Repair,True,True,True,True,False,False,False,0,9f872414d9fa3839,Valid Claim
CLM-1310,Jacob Lee,Smartphone,Google,GOO-140,GO-229988,587,2025-02-28,2026-01-15,10.7,12,1.3,Power Failure,None,True,True,False,True,False,False,False,1,ed8b78571a5076bd,Manual Review
CLM-0773,David Bruce,Laptop,Dell,DEL-621,DE-773440,881,2023-12-07,2024-08-26,8.8,12,3.2,Water Leakage,Authorized Center Repair,False,True,True,False,False,False,False,1,27239cd9654db4aa,Invalid Claim
CLM-0791,Angela Willis,Washing Machine,Whirlpool,WHI-124,WH-468591,856,2025-01-27,2027-07-11,29.8,24,0.0,Overheating,Authorized Center Repair,True,True,True,True,False,False,False,0,e5bb8c36bf8f02b2,Invalid Claim
CLM-1481,Sarah Young,Smartphone,Google,GOO-956,GO-219787,1229,2023-10-01,2023-11-10,1.3,12,10.7,Motor Failure,None,True,True,False,True,False,False,False,1,151e20ea7de50bd7,Manual Review
CLM-1007,Marcus Roberts,Refrigerator,Bosch,BOS-960,BO-468488,1278,2024-03-12,2024-02-18,-0.8,24,24.0,Overheating,None,True,True,True,True,False,False,True,0,56cb99f368f2f8ee,Manual Review
CLM-0450,Travis Wise,Refrigerator,Samsung,SAM-328,SA-806033,1528,2023-10-18,2024-01-09,2.8,24,21.2,Overheating,None,True,True,True,True,False,False,False,0,8f5a7dc90f12ed3d,Valid Claim
CLM-0220,Ruben Baird,Laptop,Dell,DEL-777,DE-985447,1205,2025-03-26,2025-06-15,2.7,12,9.3,Power Failure,None,True,True,True,True,False,False,False,0,fedcb41f3e4f4175,Valid Claim
CLM-0753,Kathleen Dixon,Laptop,Lenovo,LEN-655,LE-115997,834,2024-12-16,2025-10-28,10.5,12,1.5,Power Failure,Unauthorized Repair,True,True,True,True,True,False,False,0,d8e4d107c486a374,Invalid Claim
CLM-0666,Michael Harris,Laptop,Lenovo,LEN-182,LE-426711,1460,2024-08-24,2025-04-01,7.3,12,4.7,Screen Damage,Authorized Center Repair,False,True,True,False,False,False,False,1,450440d240237d6e,Invalid Claim
CLM-0390,David Conley,Washing Machine,Whirlpool,WHI-665,WH-876459,568,2025-08-29,2026-06-04,9.3,24,14.7,Screen Damage,None,True,True,True,True,False,False,False,0,1c3d7d3348782595,Valid Claim
CLM-0651,Paul Sheppard,Laptop,Lenovo,LEN-899,LE-784733,1248,2025-02-09,2025-07-25,5.5,12,6.5,Power Failure,Authorized Center Repair,False,False,True,False,False,False,False,2,6a3259c7a256e697,Invalid Claim
CLM-0132,Joshua Perry,Smartphone,Apple,APP-295,AP-678043,1235,2024-08-13,2024-11-25,3.5,12,8.5,Overheating,Authorized Center Repair,True,True,True,True,False,False,False,0,c3bb4069c5330844,Valid Claim
CLM-0268,Jacob Curry,Refrigerator,Bosch,BOS-732,BO-904214,931,2024-11-15,2026-07-23,20.5,24,3.5,Board Defect,Authorized Center Repair,True,True,True,True,False,False,False,0,dd5eb19e845ee1c0,Valid Claim
CLM-1114,Grace Chavez,Washing Machine,LG,LG-237,LG-727127,1142,2024-02-03,2025-06-01,16.1,24,7.9,Power Failure,None,True,True,True,True,False,True,False,0,DUP_HASH_REF_001,Manual Review
CLM-0966,Meghan White,Washing Machine,LG,LG-271,LG-740231,1200,2024-10-04,2025-02-15,4.5,24,19.5,Board Defect,Unauthorized Repair,True,True,True,True,True,False,False,0,36fe9a4d9aff859a,Invalid Claim
CLM-1014,Paul Martin,Washing Machine,Whirlpool,WHI-952,WH-181288,1066,2023-11-08,2025-06-11,19.4,24,4.6,Board Defect,None,True,True,True,False,False,False,False,0,649a0633a268b854,Manual Review
CLM-0415,Brian Murphy,Smartphone,Samsung,SAM-848,SA-710224,970,2024-11-22,2024-12-23,1.0,12,11.0,Water Leakage,None,True,True,True,True,False,False,False,0,f48cb5dc90de9282,Valid Claim
CLM-1088,Renee Mendez,Smartphone,Samsung,SAM-502,SA-791095,1087,2024-03-29,2024-07-30,4.1,12,7.9,Board Defect,None,True,True,True,False,False,False,False,0,d867c8c71aa5bb2c,Manual Review
CLM-1130,Dawn Wyatt,Smartphone,Google,GOO-534,GO-830286,1054,2024-08-21,2024-10-19,2.0,12,10.0,Board Defect,None,True,True,False,True,False,False,False,1,2407ebe44bf8a713,Manual Review
CLM-1000,Robert Garcia,Washing Machine,LG,LG-620,LG-888669,645,2024-12-18,2026-09-09,21.0,24,3.0,Overheating,Unauthorized Repair,True,True,True,False,True,False,False,0,5a054f6311e03a85,Invalid Claim
CLM-0715,Eric Lyons,Laptop,Apple,APP-670,AP-907455,2461,2023-11-05,2025-10-30,24.2,12,0.0,Overheating,None,True,False,True,True,False,False,False,1,663c0c22ae255b0f,Invalid Claim
CLM-0969,Stephen Alexander Jr.,Laptop,Apple,APP-481,AP-400687,1299,2025-09-09,2026-01-04,3.9,12,8.1,Board Defect,Unauthorized Repair,True,True,True,False,True,False,False,0,80e9b2368bf5ad54,Invalid Claim
CLM-1056,Elizabeth Miller,Laptop,Dell,DEL-271,DE-593530,2206,2024-05-08,2025-04-17,11.5,12,0.5,Overheating,None,True,True,True,False,False,False,False,0,f8a9cd05e3540e23,Manual Review
CLM-1408,George Chambers,Smartphone,Samsung,SAM-408,SA-581035,1046,2024-02-23,2024-03-30,1.2,12,10.8,Board Defect,None,True,True,True,True,False,True,False,0,DUP_HASH_REF_001,Manual Review
CLM-1455,Ms. Gloria Benson,Laptop,Dell,DEL-308,DE-125420,1792,2025-05-27,2026-05-14,11.7,12,0.3,Motor Failure,None,True,True,True,False,False,False,False,0,1d49d0b3751d68b7,Manual Review
CLM-1384,Mark Wilkins,Smartphone,Samsung,SAM-370,SA-910175,959,2024-11-24,2024-11-17,-0.2,12,12.0,Power Failure,None,True,True,True,True,False,False,True,0,a9055b04db6083f6,Manual Review
CLM-1244,Erika Jackson,Refrigerator,LG,LG-169,LG-760460,1418,2024-03-27,2024-08-24,5.0,24,19.0,Water Leakage,None,True,True,False,True,False,False,False,1,ca689eacd165b7a6,Manual Review
CLM-0648,Linda Rocha,Washing Machine,Samsung,SAM-432,SA-734992,1095,2025-08-21,2028-07-01,34.8,24,0.0,Board Defect,None,True,False,True,False,False,False,False,1,1bc6e6ceff8c66e5,Invalid Claim
CLM-0600,Angela Frey,Washing Machine,Whirlpool,WHI-656,WH-524814,992,2025-03-10,2025-11-12,8.2,24,15.8,Overheating,Unauthorized Repair,True,True,True,False,True,False,False,0,b9957a34d69a4a22,Invalid Claim
CLM-1050,Anthony Bauer,Washing Machine,LG,LG-446,LG-243910,1093,2023-10-25,2024-12-16,13.9,24,10.1,Screen Damage,None,True,True,True,False,False,False,False,0,8ddb7dd8691932a0,Manual Review
CLM-1040,Erica Moon,Refrigerator,LG,LG-343,LG-108474,1255,2023-10-26,2023-10-20,-0.2,24,24.0,Overheating,None,True,True,True,True,False,False,True,0,faf5828943646018,Manual Review
CLM-0346,Jeremy Turner,Laptop,Lenovo,LEN-611,LE-498290,1071,2024-09-01,2025-07-19,10.7,12,1.3,Overheating,None,True,True,True,True,False,False,False,0,e5a6fb0e5654ecb9,Valid Claim
CLM-0566,Kristina Faulkner,Laptop,Lenovo,LEN-716,LE-459513,1414,2024-09-19,2025-06-07,8.7,12,3.3,Board Defect,None,False,True,True,False,False,False,False,1,2cd8ce86e675fb8d,Invalid Claim
CLM-1093,Rebecca Hughes,Smartphone,Samsung,SAM-138,SA-882193,1003,2024-03-04,2024-02-16,-0.6,12,12.0,Motor Failure,None,True,True,True,True,False,False,True,0,7b184ed575334e34,Manual Review
CLM-1184,Nancy Kennedy,Washing Machine,LG,LG-668,LG-828986,1013,2024-01-17,2024-08-18,7.1,24,16.9,Water Leakage,None,True,True,True,False,False,False,False,0,55d15babcaf9c972,Manual Review
CLM-0615,Raymond Johnson,Washing Machine,Whirlpool,WHI-893,WH-888930,915,2024-12-31,2027-03-08,26.6,24,0.0,Board Defect,Authorized Center Repair,True,True,True,True,False,False,False,0,2bac9836e77fb3fa,Invalid Claim
CLM-0224,Samantha Campbell,Refrigerator,Bosch,BOS-896,BO-561999,1668,2025-05-29,2026-10-13,16.7,24,7.3,Water Leakage,Authorized Center Repair,True,True,True,True,False,False,False,0,a586a9339bc484b7,Valid Claim
CLM-0852,John Guerrero,Refrigerator,LG,LG-859,LG-567220,1130,2025-05-27,2025-09-23,4.0,24,20.0,Water Leakage,Unauthorized Repair,True,True,True,False,True,False,False,0,eb60d9fe51807d34,Invalid Claim
CLM-0843,Dr. Michele Reynolds,Laptop,Lenovo,LEN-279,LE-578073,1182,2024-12-30,2026-12-06,23.5,12,0.0,Board Defect,None,True,False,True,True,False,False,False,1,a9c829f190ccdda9,Invalid Claim
CLM-0311,Courtney Rodriguez,Laptop,Apple,APP-696,AP-379963,2143,2024-01-24,2024-08-09,6.6,12,5.4,Board Defect,Authorized Center Repair,True,True,True,True,False,False,False,0,5567eedde66e614f,Valid Claim
CLM-1258,Jordan Parsons,Laptop,Apple,APP-251,AP-865263,1074,2024-04-17,2024-12-25,8.4,12,3.6,Water Leakage,None,True,True,True,True,False,True,False,0,DUP_HASH_REF_001,Manual Review
CLM-0377,Victoria Murray,Smartphone,Samsung,SAM-433,SA-870571,896,2025-03-05,2025-12-11,9.4,12,2.6,Water Leakage,None,True,True,True,True,False,False,False,0,64fe80b7a830fe8b,Valid Claim
CLM-1008,Brandi Page,Refrigerator,Samsung,SAM-407,SA-875089,830,2024-06-20,2026-01-17,19.2,24,4.8,Motor Failure,None,True,True,True,False,False,False,False,0,66fbdb902d0c6f45,Manual Review
CLM-0716,Brandon Davis,Washing Machine,LG,LG-410,LG-980303,725,2024-03-25,2026-04-29,25.5,24,0.0,Water Leakage,Authorized Center Repair,True,False,True,False,False,False,False,1,fc5c77343cd0e55a,Invalid Claim
CLM-0470,William Becker,Washing Machine,LG,LG-130,LG-554197,987,2024-11-26,2026-02-03,14.5,24,9.5,Water Leakage,Authorized Center Repair,True,True,True,True,False,False,False,0,80e82e7849730677,Valid Claim
CLM-0587,Kimberly May,Smartphone,Google,GOO-756,GO-554059,1128,2024-02-15,2024-03-24,1.3,12,10.7,Board Defect,Authorized Center Repair,False,True,True,True,False,False,False,1,53e739e775876fe8,Invalid Claim
CLM-0284,Rachel Harris DVM,Smartphone,Google,GOO-435,GO-256175,1235,2024-04-02,2025-01-20,9.8,12,2.2,Overheating,None,True,True,True,True,False,False,False,0,d5bc86c329776c17,Valid Claim
CLM-0914,Matthew Grant,Laptop,Lenovo,LEN-880,LE-169591,1636,2025-07-13,2026-03-15,8.2,12,3.8,Motor Failure,Authorized Center Repair,False,False,True,True,False,False,False,2,901a1ae4c8c9b7be,Invalid Claim
CLM-0326,James Greene,Washing Machine,LG,LG-644,LG-585494,705,2024-05-22,2025-12-30,19.6,24,4.4,Water Leakage,Authorized Center Repair,True,True,True,True,False,False,False,0,2dadcd9b640e0c5e,Valid Claim
CLM-0970,Michael Gregory,Smartphone,Samsung,SAM-921,SA-258975,802,2025-02-15,2025-10-18,8.2,12,3.8,Water Leakage,Unauthorized Repair,True,True,True,True,True,False,False,0,ef92bceab487b9be,Invalid Claim
CLM-0251,Ashley James,Laptop,Lenovo,LEN-719,LE-501451,1341,2024-07-20,2025-06-05,10.7,12,1.3,Screen Damage,None,True,True,True,True,False,False,False,0,fba8e1e463123434,Valid Claim
CLM-0437,Stephen Jones,Smartphone,Samsung,SAM-384,SA-186431,1123,2024-11-27,2025-09-27,10.1,12,1.9,Motor Failure,None,True,True,True,True,False,False,False,0,1c86c6251d594c00,Valid Claim
CLM-0030,Gina Carter,Washing Machine,Whirlpool,WHI-578,WH-471507,841,2024-04-20,2025-07-27,15.4,24,8.6,Board Defect,Authorized Center Repair,True,True,True,True,False,False,False,0,4453439255238299,Valid Claim
CLM-0819,Erica Johnson,Washing Machine,LG,LG-596,LG-155004,1158,2025-06-10,2026-01-06,7.0,24,17.0,Overheating,Unauthorized Repair,True,True,True,True,True,False,False,0,13071f6e01beebac,Invalid Claim
CLM-0387,Gabriela Thomas,Refrigerator,LG,LG-419,LG-221707,675,2025-07-08,2025-12-30,5.8,24,18.2,Power Failure,Authorized Center Repair,True,True,True,True,False,False,False,0,95c10d455adc72c7,Valid Claim
CLM-0252,Wendy Phillips,Smartphone,Samsung,SAM-642,SA-565504,1061,2024-06-30,2024-09-07,2.3,12,9.7,Power Failure,None,True,True,True,True,False,False,False,0,62aebda799596f67,Valid Claim
CLM-0079,Sarah Wagner,Smartphone,Google,GOO-588,GO-998348,340,2024-03-02,2025-01-20,10.8,12,1.2,Motor Failure,Authorized Center Repair,True,True,True,True,False,False,False,0,273b09c69a90c775,Valid Claim
CLM-1148,Penny Gomez MD,Washing Machine,LG,LG-716,LG-832229,867,2023-12-02,2023-11-27,-0.2,24,24.0,Motor Failure,None,True,True,True,True,False,False,True,0,b5e37867e5070ce2,Manual Review
CLM-0828,Jenna Gamble,Washing Machine,Samsung,SAM-185,SA-513474,943,2025-03-24,2025-08-01,4.3,24,19.7,Overheating,Authorized Center Repair,False,False,True,True,False,False,False,2,bf6e3bea06b24451,Invalid Claim
CLM-0875,Jamie Montgomery,Washing Machine,Samsung,SAM-184,SA-644973,512,2023-10-25,2026-07-24,33.4,24,0.0,Power Failure,Authorized Center Repair,True,False,True,True,False,False,False,1,ba94a41ebf0ea751,Invalid Claim
CLM-0953,Kathleen Herring,Laptop,Apple,APP-888,AP-756470,2324,2025-07-05,2025-11-09,4.2,12,7.8,Water Leakage,Unauthorized Repair,True,True,True,False,True,False,False,0,ecad68782627e26e,Invalid Claim
CLM-0621,Aaron Parker,Laptop,Apple,APP-672,AP-921861,1730,2024-07-02,2025-04-05,9.2,12,2.8,Overheating,Unauthorized Repair,True,True,True,False,True,False,False,0,1be6723257988c27,Invalid Claim
CLM-1459,Brian Cervantes,Washing Machine,LG,LG-610,LG-412713,929,2024-08-06,2024-12-17,4.4,24,19.6,Screen Damage,None,True,True,True,False,False,False,False,0,889c0d766b703ff1,Manual Review
CLM-0430,Jill Miller,Laptop,HP,HP-666,HP-775933,1167,2024-02-07,2024-04-20,2.4,12,9.6,Overheating,None,True,True,True,True,False,False,False,0,5a9bc2af00240820,Valid Claim
CLM-0260,Theodore Murphy,Laptop,Dell,DEL-638,DE-424314,734,2025-04-16,2025-12-05,7.8,12,4.2,Water Leakage,Authorized Center Repair,True,True,True,True,False,False,False,0,07daf0d134c2573a,Valid Claim
CLM-1422,Susan Moore,Washing Machine,Samsung,SAM-546,SA-726040,709,2023-10-15,2023-09-22,-0.8,24,24.0,Board Defect,None,True,True,True,True,False,False,True,0,3d8e946b5cbf94f1,Manual Review
CLM-0836,Tracy Wilkerson,Refrigerator,LG,LG-562,LG-625808,1495,2024-08-31,2025-02-02,5.2,24,18.8,Overheating,Unauthorized Repair,True,False,True,False,True,False,False,1,098254f15dd57e7c,Invalid Claim
CLM-0475,Kaylee Murphy,Refrigerator,Bosch,BOS-284,BO-437226,1528,2024-01-19,2025-03-21,14.2,24,9.8,Motor Failure,Authorized Center Repair,True,True,True,True,False,False,False,0,7f1b380d8c5b8780,Valid Claim
CLM-0433,Michael Graves,Washing Machine,LG,LG-640,LG-769077,911,2025-07-18,2027-04-17,21.3,24,2.7,Motor Failure,None,True,True,True,True,False,False,False,0,bbfbc4b018f4de36,Valid Claim
CLM-1181,Jerry Duncan,Smartphone,Samsung,SAM-830,SA-204271,556,2025-07-20,2026-02-01,6.5,12,5.5,Overheating,None,True,True,True,False,False,False,False,0,24407070c19f2b49,Manual Review
CLM-0591,Jacqueline Williamson,Refrigerator,Samsung,SAM-650,SA-682032,1633,2024-03-13,2026-06-04,27.1,24,0.0,Overheating,None,True,True,True,False,False,False,False,0,e7aa64f618d5607a,Invalid Claim
CLM-1479,Jordan Arnold,Laptop,HP,HP-859,HP-646302,2323,2025-01-22,2025-06-19,4.9,12,7.1,Overheating,None,True,True,True,True,False,True,False,0,DUP_HASH_REF_001,Manual Review
CLM-1064,Paul Berger,Washing Machine,LG,LG-467,LG-345147,852,2023-12-01,2024-09-27,10.0,24,14.0,Motor Failure,None,True,True,True,False,False,False,False,0,c77cfe9c06b3d006,Manual Review
CLM-0697,Wendy Camacho,Smartphone,Samsung,SAM-235,SA-194458,1333,2024-08-10,2026-04-13,20.4,12,0.0,Power Failure,Authorized Center Repair,True,False,True,True,False,False,False,1,6c47a09f7170c95c,Invalid Claim
CLM-0838,Sean Curtis,Refrigerator,Samsung,SAM-995,SA-272769,723,2025-06-30,2025-11-21,4.8,24,19.2,Screen Damage,None,False,False,True,True,False,False,False,2,c2d62898ee1b938b,Invalid Claim
CLM-0636,James Flores,Laptop,HP,HP-956,HP-353814,2106,2024-05-27,2024-10-09,4.5,12,7.5,Overheating,None,False,True,True,True,False,False,False,1,376839a6dfe10cb7,Invalid Claim
CLM-0556,Amy Gordon,Washing Machine,Samsung,SAM-557,SA-940183,854,2025-05-03,2026-09-03,16.3,24,7.7,Power Failure,Unauthorized Repair,True,True,True,False,True,False,False,0,3b5327bd50035d11,Invalid Claim
CLM-0368,Mr. Chad Jones,Washing Machine,LG,LG-670,LG-296494,489,2025-05-13,2026-08-27,15.7,24,8.3,Overheating,Authorized Center Repair,True,True,True,True,False,False,False,0,310986480d829e2c,Valid Claim
CLM-0525,Michael Leblanc,Refrigerator,Samsung,SAM-838,SA-642421,807,2024-05-21,2026-07-09,26.0,24,0.0,Motor Failure,Authorized Center Repair,True,False,True,True,False,False,False,1,00114d4f8c268b72,Invalid Claim
CLM-1333,Robin Johnson,Washing Machine,LG,LG-709,LG-549192,869,2024-07-22,2024-06-30,-0.7,24,24.0,Screen Damage,None,True,True,True,True,False,False,True,0,24e453df3df2d9a7,Manual Review
CLM-1087,Jack Smith,Smartphone,Samsung,SAM-355,SA-510087,909,2024-10-26,2024-10-08,-0.6,12,12.0,Screen Damage,None,True,True,True,True,False,False,True,0,48c4b1bee18b129b,Manual Review
CLM-0780,Ashley Garcia,Laptop,Dell,DEL-596,DE-405925,1944,2025-05-23,2026-05-07,11.6,12,0.4,Motor Failure,Unauthorized Repair,True,True,True,False,True,False,False,0,c91b0ea3da5a86db,Invalid Claim
CLM-0282,Anna Lewis,Refrigerator,LG,LG-716,LG-483366,1642,2025-07-15,2026-01-08,5.9,24,18.1,Overheating,None,True,True,True,True,False,False,False,0,e90a80e9f3c44dab,Valid Claim
CLM-0883,Natalie Malone,Laptop,Apple,APP-776,AP-812197,1838,2025-09-04,2025-12-21,3.6,12,8.4,Overheating,Authorized Center Repair,False,True,True,True,False,False,False,1,249601686703ee5c,Invalid Claim
CLM-0495,Gregory Peck,Washing Machine,LG,LG-207,LG-121053,701,2024-10-09,2025-09-30,11.9,24,12.1,Motor Failure,Authorized Center Repair,True,True,True,True,False,False,False,0,a1c31328bcde6c54,Valid Claim
CLM-1390,Heather Johnson,Washing Machine,Samsung,SAM-250,SA-272172,833,2024-09-13,2025-08-23,11.5,24,12.5,Water Leakage,None,True,True,True,False,False,False,False,0,6b43d207d67b1734,Manual Review
CLM-0235,Richard Baker,Washing Machine,Whirlpool,WHI-291,WH-352249,761,2024-01-23,2025-09-28,20.5,24,3.5,Board Defect,Authorized Center Repair,True,True,True,True,False,False,False,0,a6f6af2084674475,Valid Claim
CLM-0908,Jennifer Flores,Washing Machine,LG,LG-646,LG-387883,619,2025-06-10,2026-09-01,14.9,24,9.1,Power Failure,Authorized Center Repair,False,True,True,False,False,False,False,1,7f9707177952e7f7,Invalid Claim
CLM-1125,Ralph Kent,Refrigerator,LG,LG-173,LG-493370,1080,2024-01-07,2025-09-03,20.2,24,3.8,Power Failure,None,True,True,False,True,False,False,False,1,01115d6457410a06,Manual Review
CLM-0837,Heather Bennett,Refrigerator,Bosch,BOS-500,BO-948083,1919,2024-10-12,2027-02-05,28.2,24,0.0,Screen Damage,Authorized Center Repair,True,True,True,True,False,False,False,0,0944f1f78ec6c77f,Invalid Claim
CLM-1178,Joshua Young,Smartphone,Samsung,SAM-219,SA-485166,1211,2025-07-26,2025-08-30,1.2,12,10.8,Motor Failure,None,True,True,True,False,False,False,False,0,73a9d9d3008167dd,Manual Review
CLM-1426,Miguel Boyd,Refrigerator,LG,LG-520,LG-548443,1225,2023-10-24,2025-03-14,16.9,24,7.1,Water Leakage,None,True,True,False,True,False,False,False,1,3e1b22ab14735787,Manual Review
CLM-1450,Brian Roth,Smartphone,Samsung,SAM-278,SA-909231,774,2024-12-15,2025-05-15,5.0,12,7.0,Board Defect,None,True,True,True,False,False,False,False,0,a2322ba4e8cf833f,Manual Review
CLM-1109,Marcia Johns,Refrigerator,Bosch,BOS-279,BO-507440,1926,2025-01-03,2025-06-18,5.5,24,18.5,Board Defect,None,True,True,True,True,False,True,False,0,DUP_HASH_REF_001,Manual Review
CLM-0171,Daniel Holt,Washing Machine,Whirlpool,WHI-908,WH-238205,426,2023-10-09,2023-11-23,1.5,24,22.5,Screen Damage,Authorized Center Repair,True,True,True,True,False,False,False,0,57a7911d9704797a,Valid Claim
CLM-0785,Michael Schmitt,Refrigerator,Samsung,SAM-587,SA-377238,1815,2024-06-06,2026-07-22,25.9,24,0.0,Power Failure,None,True,False,True,False,False,False,False,1,ba902ab0d65e5f12,Invalid Claim
CLM-1398,Heather Anderson DDS,Refrigerator,Samsung,SAM-331,SA-657980,634,2024-12-15,2025-04-27,4.4,24,19.6,Overheating,None,True,True,True,True,False,True,False,0,DUP_HASH_REF_001,Manual Review
CLM-0488,Michele Stone,Refrigerator,Samsung,SAM-971,SA-864234,863,2025-04-19,2025-05-20,1.0,24,23.0,Overheating,Authorized Center Repair,True,True,True,True,False,False,False,0,e30a9fb11c7709ce,Valid Claim
CLM-0722,Margaret Byrd,Smartphone,Google,GOO-562,GO-513296,940,2025-05-02,2026-03-20,10.7,12,1.3,Water Leakage,Unauthorized Repair,True,True,True,True,True,False,False,0,e6ea1e2403c45c62,Invalid Claim
CLM-0876,Amanda Preston,Smartphone,Apple,APP-667,AP-397388,1088,2025-03-07,2026-02-07,11.2,12,0.8,Water Leakage,Authorized Center Repair,False,False,True,True,False,False,False,2,ce029fb4e2447a1b,Invalid Claim
CLM-0398,Rachel Romero,Laptop,Lenovo,LEN-528,LE-248225,2020,2024-11-07,2025-08-25,9.7,12,2.3,Overheating,Authorized Center Repair,True,True,True,True,False,False,False,0,4d1ac46af9515691,Valid Claim
CLM-1368,Teresa Horton,Washing Machine,Whirlpool,WHI-338,WH-324156,736,2024-02-12,2025-07-02,16.9,24,7.1,Overheating,None,True,True,True,True,False,True,False,0,DUP_HASH_REF_001,Manual Review
CLM-0289,Richard Young,Laptop,Apple,APP-686,AP-961574,902,2024-01-06,2024-06-08,5.1,12,6.9,Board Defect,None,True,True,True,True,False,False,False,0,8d7942ee7bcc4433,Valid Claim
CLM-0718,Adam Cooper,Laptop,Dell,DEL-829,DE-183336,1335,2025-03-07,2025-12-06,9.1,12,2.9,Board Defect,Unauthorized Repair,True,True,True,False,True,False,False,0,97607ed84ddec315,Invalid Claim
CLM-0410,Caleb Richardson,Laptop,Lenovo,LEN-978,LE-406849,2041,2025-02-16,2025-08-13,5.9,12,6.1,Overheating,Authorized Center Repair,True,True,True,True,False,False,False,0,caf12f29ef875d19,Valid Claim
CLM-1132,Jennifer Bowers,Laptop,Lenovo,LEN-353,LE-577595,1839,2024-07-30,2024-11-12,3.5,12,8.5,Overheating,None,True,True,True,True,False,True,False,0,DUP_HASH_REF_001,Manual Review
CLM-0050,Matthew Gomez,Smartphone,Google,GOO-177,GO-688153,1175,2024-02-20,2024-03-25,1.1,12,10.9,Board Defect,None,True,True,True,True,False,False,False,0,a078431d7ad8d73c,Valid Claim
CLM-0731,Katrina Adkins,Smartphone,Google,GOO-519,GO-737517,311,2024-03-03,2024-08-01,5.0,12,7.0,Water Leakage,None,False,False,True,False,False,False,False,2,3771f20372ed6a18,Invalid Claim
CLM-1488,Mark Yates,Refrigerator,Samsung,SAM-387,SA-590033,1280,2025-02-26,2025-02-21,-0.2,24,24.0,Board Defect,None,True,True,True,True,False,False,True,0,fdb1df848a773e9b,Manual Review
CLM-0291,Nichole Alvarez,Laptop,Apple,APP-822,AP-912617,1627,2024-08-17,2025-05-15,9.0,12,3.0,Screen Damage,None,True,True,True,True,False,False,False,0,09521c7c761f3537,Valid Claim
CLM-0117,John Atkinson,Laptop,Apple,APP-372,AP-671015,835,2023-10-31,2024-03-24,4.8,12,7.2,Screen Damage,None,True,True,True,True,False,False,False,0,c654f2fb10d40206,Valid Claim
CLM-1465,Susan Torres,Washing Machine,LG,LG-454,LG-176453,905,2024-05-15,2026-01-12,20.2,24,3.8,Motor Failure,None,True,True,True,False,False,False,False,0,7c7d72618fc4a9fc,Manual Review
CLM-0596,Thomas Warren,Laptop,Lenovo,LEN-927,LE-572536,1595,2025-09-01,2026-08-12,11.5,12,0.5,Power Failure,Authorized Center Repair,False,True,True,False,False,False,False,1,85e80297266a2205,Invalid Claim
CLM-1385,Charles Delgado,Washing Machine,Samsung,SAM-179,SA-976129,971,2024-03-05,2024-02-07,-0.9,24,24.0,Motor Failure,None,True,True,True,True,False,False,True,0,400713425f81c78e,Manual Review
CLM-1107,Stephanie Thomas,Refrigerator,Bosch,BOS-323,BO-486903,1777,2025-01-26,2025-04-10,2.5,24,21.5,Water Leakage,None,True,True,True,False,False,False,False,0,8a87237559443ecb,Manual Review
CLM-0598,Angela Chung,Refrigerator,LG,LG-761,LG-566991,1447,2024-04-20,2025-03-28,11.4,24,12.6,Overheating,Authorized Center Repair,False,True,True,True,False,False,False,1,f0bec9095bd69b1f,Invalid Claim
CLM-0544,Sergio Knox,Washing Machine,Whirlpool,WHI-102,WH-317782,908,2025-08-18,2027-01-22,17.4,24,6.6,Motor Failure,Unauthorized Repair,True,False,True,True,True,False,False,1,e4a752a258091e84,Invalid Claim
CLM-0342,Mary Thompson,Refrigerator,LG,LG-415,LG-588899,1279,2024-01-22,2025-08-20,19.2,24,4.8,Power Failure,Authorized Center Repair,True,True,True,True,False,False,False,0,1f3d26c868b0429a,Valid Claim
CLM-1448,John Bell,Refrigerator,Bosch,BOS-169,BO-465004,1689,2024-10-08,2026-06-28,20.9,24,3.1,Motor Failure,None,True,True,False,True,False,False,False,1,aae948ae672cc5c2,Manual Review
CLM-0004,Alyssa Gonzalez,Smartphone,Apple,APP-877,AP-717889,1219,2024-03-24,2024-09-12,5.7,12,6.3,Screen Damage,None,True,True,True,True,False,False,False,0,2ec8a6d3486c40fb,Valid Claim
CLM-0158,Alexandria Fisher,Washing Machine,Samsung,SAM-788,SA-229592,949,2024-10-22,2026-03-01,16.5,24,7.5,Board Defect,Authorized Center Repair,True,True,True,True,False,False,False,0,bdfc9a95cec8c6fc,Valid Claim
CLM-1305,Jonathan Ayala,Washing Machine,Whirlpool,WHI-725,WH-816044,1192,2024-04-16,2024-04-05,-0.4,24,24.0,Overheating,None,True,True,True,True,False,False,True,0,5840cf11bd375f53,Manual Review
CLM-1327,Sean Schmidt,Refrigerator,Samsung,SAM-985,SA-580938,808,2025-08-28,2026-02-25,6.0,24,18.0,Power Failure,None,True,True,False,True,False,False,False,1,2bf59bfbe0522b14,Manual Review
CLM-0935,Joy Meyer,Washing Machine,Samsung,SAM-571,SA-719014,782,2024-05-14,2026-11-15,30.5,24,0.0,Board Defect,None,True,True,True,True,False,False,False,0,4191a1ee0eeae3a7,Invalid Claim
CLM-0088,Justin Baxter,Laptop,HP,HP-576,HP-596564,858,2023-12-14,2024-03-11,2.9,12,9.1,Board Defect,None,True,True,True,True,False,False,False,0,b855ed1fa4e15f98,Valid Claim
CLM-0183,Scott Wilson,Refrigerator,Samsung,SAM-786,SA-162894,1639,2023-11-04,2025-07-26,21.0,24,3.0,Motor Failure,Authorized Center Repair,True,True,True,True,False,False,False,0,74a84e866b4d60e1,Valid Claim
CLM-0540,Michael Weaver,Washing Machine,LG,LG-585,LG-221414,1106,2023-10-31,2025-02-26,16.1,24,7.9,Board Defect,Authorized Center Repair,False,True,True,False,False,False,False,1,fcf82d74dd6efdca,Invalid Claim
CLM-1222,Miguel Brewer,Laptop,Dell,DEL-531,DE-398739,988,2024-07-28,2024-07-11,-0.6,12,12.0,Board Defect,None,True,True,True,True,False,False,True,0,cc082125c0eac765,Manual Review
CLM-0635,Travis Harris,Smartphone,Samsung,SAM-610,SA-329183,1024,2024-05-16,2024-10-30,5.6,12,6.4,Board Defect,Unauthorized Repair,True,True,True,True,True,False,False,0,a34afb00e2a19266,Invalid Claim
CLM-0592,Susan Hopkins,Washing Machine,Samsung,SAM-761,SA-884645,615,2025-02-24,2026-03-13,12.7,24,11.3,Overheating,Unauthorized Repair,True,True,True,False,True,False,False,0,f82d86c8d72e17cf,Invalid Claim
CLM-0097,Raymond Bell,Smartphone,Google,GOO-971,GO-452737,1076,2025-07-28,2025-09-10,1.5,12,10.5,Power Failure,Authorized Center Repair,True,True,True,True,False,False,False,0,808ec0fa3abcc835,Valid Claim
CLM-0020,Derek Clark,Refrigerator,Bosch,BOS-961,BO-632342,865,2025-06-12,2025-10-28,4.6,24,19.4,Board Defect,Authorized Center Repair,True,True,True,True,False,False,False,0,c3e06e03d73db51d,Valid Claim
CLM-0864,Rhonda Martinez,Washing Machine,LG,LG-204,LG-395087,930,2024-02-02,2025-07-12,17.5,24,6.5,Screen Damage,Authorized Center Repair,False,False,True,True,False,False,False,2,bd96f0ba7cf443c7,Invalid Claim
CLM-1335,Anita Reyes,Washing Machine,LG,LG-731,LG-193992,506,2024-07-27,2026-06-22,23.2,24,0.8,Water Leakage,None,True,True,True,False,False,False,False,0,c0b590bb2cacc15c,Manual Review
CLM-1300,Brittany Shaw,Refrigerator,Samsung,SAM-517,SA-807459,1939,2024-05-31,2024-10-07,4.3,24,19.7,Board Defect,None,True,True,True,True,False,True,False,0,DUP_HASH_REF_001,Manual Review
CLM-0095,Robert Savage,Refrigerator,Bosch,BOS-546,BO-912270,1602,2024-09-17,2026-02-24,17.5,24,6.5,Board Defect,Authorized Center Repair,True,True,True,True,False,False,False,0,31dd71e5f509ebea,Valid Claim
CLM-0451,Pamela Butler,Washing Machine,Samsung,SAM-435,SA-587686,470,2024-04-18,2025-03-03,10.6,24,13.4,Motor Failure,Authorized Center Repair,True,True,True,True,False,False,False,0,991d33f2c979ddd9,Valid Claim
CLM-1364,James Torres,Washing Machine,Samsung,SAM-700,SA-135399,571,2024-02-20,2025-08-26,18.4,24,5.6,Water Leakage,None,True,True,True,True,False,True,False,0,DUP_HASH_REF_001,Manual Review
CLM-0872,Kristine Garcia,Laptop,Dell,DEL-388,DE-959398,802,2023-12-12,2024-01-18,1.2,12,10.8,Screen Damage,Unauthorized Repair,True,True,True,True,True,False,False,0,796e75449d32f47a,Invalid Claim
CLM-0545,Victor Baxter,Washing Machine,LG,LG-362,LG-801520,987,2024-07-13,2025-01-11,6.1,24,17.9,Board Defect,None,False,True,True,True,False,False,False,1,09aa18906ff633d4,Invalid Claim
CLM-0624,Julian Carlson,Washing Machine,LG,LG-479,LG-729402,882,2023-10-16,2024-02-13,4.0,24,20.0,Motor Failure,None,False,False,True,True,False,False,False,2,3926951bf57a12c4,Invalid Claim
CLM-1229,Joseph Lopez,Refrigerator,Bosch,BOS-823,BO-798698,1006,2024-01-22,2024-01-02,-0.7,24,24.0,Motor Failure,None,True,True,True,True,False,False,True,0,dfb6efb680035258,Manual Review
CLM-0543,Maria Fisher,Smartphone,Apple,APP-402,AP-915749,709,2025-02-05,2025-11-29,9.9,12,2.1,Screen Damage,None,False,False,True,False,False,False,False,2,a25ba1b335da5da2,Invalid Claim
CLM-0486,Jason Harris,Smartphone,Google,GOO-824,GO-780714,1297,2024-05-26,2024-12-04,6.4,12,5.6,Overheating,None,True,True,True,True,False,False,False,0,d81398a01bed0f32,Valid Claim
CLM-0444,Hannah Everett,Refrigerator,Bosch,BOS-608,BO-375722,630,2025-09-21,2027-06-03,20.7,24,3.3,Water Leakage,None,True,True,True,True,False,False,False,0,7fe0236bcddbff8c,Valid Claim
CLM-1062,Kristen Martinez,Laptop,Dell,DEL-536,DE-637145,1552,2023-10-04,2024-09-16,11.6,12,0.4,Water Leakage,None,True,True,True,True,False,True,False,0,DUP_HASH_REF_001,Manual Review
CLM-0614,Larry Austin,Laptop,Apple,APP-729,AP-256826,2292,2025-07-08,2025-09-25,2.6,12,9.4,Overheating,Unauthorized Repair,True,True,True,False,True,False,False,0,13770469940fe39f,Invalid Claim
CLM-1397,Ryan Green,Washing Machine,Whirlpool,WHI-154,WH-216478,654,2024-05-06,2025-01-15,8.5,24,15.5,Motor Failure,None,True,True,True,False,False,False,False,0,6b2a6ec402ab74c6,Manual Review
CLM-0285,Daniel Kane,Refrigerator,Samsung,SAM-619,SA-746447,1304,2024-11-29,2025-10-31,11.2,24,12.8,Overheating,Authorized Center Repair,True,True,True,True,False,False,False,0,479454fc60362d6d,Valid Claim
CLM-0250,Joyce Turner,Laptop,Dell,DEL-229,DE-989894,892,2024-08-20,2025-05-01,8.5,12,3.5,Motor Failure,None,True,True,True,True,False,False,False,0,cd9b21c57982e147,Valid Claim
CLM-1029,John Pineda,Laptop,Dell,DEL-941,DE-349937,1569,2024-04-11,2024-11-01,6.8,12,5.2,Power Failure,None,True,True,True,False,False,False,False,0,98c19847f0d3a865,Manual Review
CLM-0069,Derek Anderson,Laptop,Dell,DEL-566,DE-356736,694,2025-04-04,2026-01-02,9.1,12,2.9,Water Leakage,None,True,True,True,True,False,False,False,0,02940f84b40ca749,Valid Claim
CLM-1095,Warren Schultz,Washing Machine,LG,LG-243,LG-788938,961,2024-06-03,2025-03-08,9.3,24,14.7,Water Leakage,None,True,True,False,True,False,False,False,1,ee08851e4850b8d5,Manual Review
CLM-0612,Melissa Miller,Smartphone,Samsung,SAM-271,SA-330019,649,2024-01-12,2024-12-14,11.2,12,0.8,Board Defect,None,False,True,True,False,False,False,False,1,b7a88b6f4867c31c,Invalid Claim
CLM-1100,Mr. Larry Shaw,Refrigerator,LG,LG-890,LG-727263,607,2024-06-19,2024-07-23,1.1,24,22.9,Water Leakage,None,True,True,True,False,False,False,False,0,1e35af468296395b,Manual Review
CLM-0294,Elizabeth Schneider,Laptop,HP,HP-404,HP-685196,1171,2025-07-30,2026-01-28,6.1,12,5.9,Power Failure,None,True,True,True,True,False,False,False,0,edf450ac1fcefa6d,Valid Claim
CLM-1035,Stephen Alvarado,Smartphone,Samsung,SAM-629,SA-456113,507,2023-12-06,2024-01-18,1.4,12,10.6,Power Failure,None,True,True,False,True,False,False,False,1,d2e2ecac84886388,Manual Review
CLM-0776,Keith Graham,Smartphone,Google,GOO-629,GO-248989,463,2024-07-28,2025-05-23,10.0,12,2.0,Motor Failure,Unauthorized Repair,True,False,True,False,True,False,False,1,fd110628d2acb9ad,Invalid Claim
CLM-1430,Steven Flores,Smartphone,Apple,APP-441,AP-157349,473,2025-05-07,2025-10-22,5.6,12,6.4,Overheating,None,True,True,True,False,False,False,False,0,2cc5e12c27e04f6f,Manual Review
CLM-1192,Lisa Ray,Refrigerator,LG,LG-567,LG-781332,1281,2025-07-30,2026-02-12,6.6,24,17.4,Motor Failure,None,True,True,False,True,False,False,False,1,3da5ae821e68e6f3,Manual Review
CLM-0373,Amanda Diaz,Refrigerator,LG,LG-838,LG-478666,657,2024-02-01,2024-11-14,9.6,24,14.4,Board Defect,None,True,True,True,True,False,False,False,0,0a4972179c48760e,Valid Claim
CLM-0717,Casey Perez,Refrigerator,Samsung,SAM-710,SA-211957,884,2024-03-09,2026-07-01,28.1,24,0.0,Screen Damage,None,True,False,True,True,False,False,False,1,0a1b868d42a438e7,Invalid Claim
CLM-0996,Judith Lawrence,Washing Machine,Samsung,SAM-491,SA-456470,423,2025-05-17,2025-12-17,7.1,24,16.9,Power Failure,Authorized Center Repair,False,True,True,False,False,False,False,1,b2ddd6fbcd016bad,Invalid Claim
CLM-0922,Kendra Gutierrez,Smartphone,Apple,APP-911,AP-964119,741,2025-07-30,2025-12-03,4.2,12,7.8,Screen Damage,Authorized Center Repair,False,True,True,False,False,False,False,1,ddb5744ba68cf3cd,Invalid Claim
CLM-1247,Brandon Moore,Smartphone,Google,GOO-868,GO-638430,1390,2024-01-24,2024-01-05,-0.6,12,12.0,Overheating,None,True,True,True,True,False,False,True,0,70b3d7bc30ce0565,Manual Review
CLM-0480,Shelby Soto,Refrigerator,Bosch,BOS-956,BO-249005,1654,2025-06-05,2027-02-01,20.2,24,3.8,Water Leakage,None,True,True,True,True,False,False,False,0,154a2e8acc3f9ef2,Valid Claim
CLM-0793,Rhonda Davis,Laptop,Apple,APP-812,AP-900962,1944,2025-08-26,2026-07-11,10.6,12,1.4,Screen Damage,Unauthorized Repair,True,True,True,True,True,False,False,0,2eaacbc860a8606c,Invalid Claim
CLM-1257,Christopher Phillips,Laptop,Apple,APP-744,AP-440014,1051,2024-01-28,2024-01-05,-0.8,12,12.0,Water Leakage,None,True,True,True,True,False,False,True,0,27de20411755c072,Manual Review
CLM-0964,Ashley Horton,Refrigerator,LG,LG-448,LG-747561,733,2025-08-14,2027-11-03,27.0,24,0.0,Power Failure,None,True,False,True,False,False,False,False,1,3d8b8f53737dd443,Invalid Claim
CLM-0743,Pamela Santos,Refrigerator,Bosch,BOS-742,BO-597549,1481,2024-07-25,2027-07-10,36.0,24,0.0,Water Leakage,None,True,False,True,True,False,False,False,1,ca441712d5df1da4,Invalid Claim
CLM-0056,Zachary Huff,Washing Machine,Samsung,SAM-936,SA-593554,439,2023-12-11,2024-08-24,8.6,24,15.4,Water Leakage,None,True,True,True,True,False,False,False,0,924368303a507591,Valid Claim
CLM-0513,Edwin Morrison,Refrigerator,LG,LG-861,LG-983788,1074,2025-08-06,2025-12-14,4.3,24,19.7,Water Leakage,None,False,True,True,False,False,False,False,1,35d5147b29cfde1e,Invalid Claim
CLM-0859,Melissa Mayer,Smartphone,Apple,APP-810,AP-709291,1040,2024-08-16,2025-07-01,10.6,12,1.4,Motor Failure,Authorized Center Repair,False,False,True,False,False,False,False,2,0cec5c3c4f5df799,Invalid Claim
CLM-1106,Kenneth Martin,Smartphone,Google,GOO-325,GO-112563,947,2024-04-02,2024-03-14,-0.6,12,12.0,Motor Failure,None,True,True,True,True,False,False,True,0,bf0a1e543875a5ff,Manual Review
CLM-0136,Sara Medina,Laptop,HP,HP-144,HP-501574,1771,2025-07-19,2025-12-15,5.0,12,7.0,Power Failure,Authorized Center Repair,True,True,True,True,False,False,False,0,3ec3e2641b33bcfd,Valid Claim
CLM-0881,Roger Adams,Smartphone,Samsung,SAM-601,SA-392438,1347,2025-04-25,2027-01-07,20.7,12,0.0,Water Leakage,None,True,True,True,False,False,False,False,0,c23a7d25eefc45c7,Invalid Claim
CLM-1277,Heather Ellis,Laptop,Apple,APP-592,AP-434826,1322,2025-05-13,2026-02-20,9.4,12,2.6,Board Defect,None,True,True,False,True,False,False,False,1,c8aae4e1787b1974,Manual Review
CLM-1080,Joshua Baker,Laptop,Dell,DEL-398,DE-504639,2466,2025-06-28,2025-06-16,-0.4,12,12.0,Board Defect,None,True,True,True,True,False,False,True,0,e9ae4034f059a27d,Manual Review
CLM-1475,Brandy Jones,Smartphone,Samsung,SAM-356,SA-788484,550,2025-08-03,2025-10-11,2.3,12,9.7,Overheating,None,True,True,True,False,False,False,False,0,d67ad011ec34be07,Manual Review
CLM-0364,Robin Santiago,Refrigerator,LG,LG-542,LG-339220,1504,2025-02-06,2026-03-07,13.1,24,10.9,Screen Damage,Authorized Center Repair,True,True,True,True,False,False,False,0,3c0e9387e9fe1245,Valid Claim
CLM-1377,Cassidy Joseph,Smartphone,Samsung,SAM-963,SA-617300,1230,2024-01-29,2025-01-21,11.9,12,0.1,Power Failure,None,True,True,True,False,False,False,False,0,e4a8b125af8ef464,Manual Review
CLM-0353,Joanna Shepherd,Smartphone,Apple,APP-346,AP-200992,519,2024-01-21,2024-11-14,9.9,12,2.1,Screen Damage,None,True,True,True,True,False,False,False,0,78912d9c12ec2e05,Valid Claim
CLM-1193,Carrie Deleon,Refrigerator,Bosch,BOS-744,BO-828252,1371,2025-02-11,2025-02-04,-0.2,24,24.0,Board Defect,None,True,True,True,True,False,False,True,0,0bff4145b8a4e909,Manual Review
CLM-0659,Michael Flores,Laptop,Lenovo,LEN-406,LE-591989,1187,2023-12-10,2024-01-13,1.1,12,10.9,Motor Failure,Unauthorized Repair,True,False,True,False,True,False,False,1,c38589478bd22be0,Invalid Claim
CLM-0380,John Watson,Washing Machine,Samsung,SAM-347,SA-623557,1089,2024-04-07,2024-09-26,5.7,24,18.3,Power Failure,Authorized Center Repair,True,True,True,True,False,False,False,0,81507e85c0b12ffb,Valid Claim
CLM-0921,Steve Mason,Smartphone,Apple,APP-491,AP-848225,759,2025-01-20,2026-05-22,16.2,12,0.0,Screen Damage,Authorized Center Repair,True,False,True,False,False,False,False,1,f774b98a4758935f,Invalid Claim
CLM-0941,Patricia Dean,Smartphone,Samsung,SAM-930,SA-690408,849,2025-08-06,2026-04-09,8.2,12,3.8,Power Failure,Unauthorized Repair,True,True,True,False,True,False,False,0,f668440602797222,Invalid Claim
CLM-1021,Emily Arnold,Washing Machine,LG,LG-296,LG-697586,665,2025-05-30,2026-02-17,8.8,24,15.2,Board Defect,None,True,True,True,True,False,True,False,0,DUP_HASH_REF_001,Manual Review
CLM-0763,Douglas Kirk,Refrigerator,Samsung,SAM-778,SA-719677,1921,2025-08-07,2026-11-25,15.8,24,8.2,Board Defect,Authorized Center Repair,False,True,True,True,False,False,False,1,a31c01414a0a3f7c,Invalid Claim
CLM-1343,Michelle White,Smartphone,Apple,APP-425,AP-863481,1099,2024-12-01,2025-03-29,3.9,12,8.1,Overheating,None,True,True,False,True,False,False,False,1,a1caebd1e31b7247,Manual Review
CLM-0140,Veronica Ferguson,Refrigerator,Bosch,BOS-972,BO-516791,1918,2024-09-23,2025-01-13,3.7,24,20.3,Board Defect,Authorized Center Repair,True,True,True,True,False,False,False,0,5633579fe7246ec0,Valid Claim
CLM-0434,Katie Martinez,Refrigerator,LG,LG-474,LG-505629,770,2024-02-08,2025-10-12,20.4,24,3.6,Overheating,Authorized Center Repair,True,True,True,True,False,False,False,0,21d2dc4bd7309a82,Valid Claim
CLM-0735,Scott Carroll,Refrigerator,LG,LG-237,LG-497346,1254,2024-05-28,2027-01-21,32.3,24,0.0,Motor Failure,None,True,False,True,False,False,False,False,1,9a55a5a7c29ff773,Invalid Claim
CLM-1010,Kristina Aguilar,Laptop,Lenovo,LEN-870,LE-815234,2410,2023-12-24,2024-07-16,6.8,12,5.2,Board Defect,None,True,True,True,True,False,True,False,0,DUP_HASH_REF_001,Manual Review
CLM-1366,Jose Thomas,Laptop,Lenovo,LEN-351,LE-929314,1479,2025-09-08,2026-01-11,4.2,12,7.8,Motor Failure,None,True,True,True,True,False,True,False,0,DUP_HASH_REF_001,Manual Review
CLM-1261,Kimberly Hughes,Laptop,Dell,DEL-760,DE-175548,893,2023-11-14,2023-10-26,-0.6,12,12.0,Water Leakage,None,True,True,True,True,False,False,True,0,81bebf4a33c3e0fd,Manual Review
CLM-1474,Jason Roberts,Washing Machine,Samsung,SAM-232,SA-731678,758,2025-09-13,2025-08-30,-0.5,24,24.0,Overheating,None,True,True,True,True,False,False,True,0,7fa34123c945ad6c,Manual Review
CLM-1082,Amanda Perkins,Smartphone,Samsung,SAM-589,SA-216123,621,2025-07-16,2025-10-20,3.2,12,8.8,Board Defect,None,True,True,False,True,False,False,False,1,e3b0ef37388d11b9,Manual Review
CLM-1238,Amanda Murray,Washing Machine,Whirlpool,WHI-469,WH-907889,965,2024-04-04,2024-09-14,5.4,24,18.6,Board Defect,None,True,True,True,True,False,True,False,0,DUP_HASH_REF_001,Manual Review
CLM-0533,Joshua Wagner,Refrigerator,Samsung,SAM-748,SA-704272,845,2023-12-22,2026-09-17,33.3,24,0.0,Water Leakage,None,True,True,True,False,False,False,False,0,9113352ddaee1877,Invalid Claim
CLM-0351,Amanda Stout,Smartphone,Samsung,SAM-116,SA-747847,423,2025-06-02,2026-03-06,9.2,12,2.8,Motor Failure,Authorized Center Repair,True,True,True,True,False,False,False,0,2d9e234a18f782bd,Valid Claim
CLM-1016,Paul Johnson,Washing Machine,LG,LG-109,LG-488477,873,2025-05-27,2026-01-09,7.6,24,16.4,Screen Damage,None,True,True,False,True,False,False,False,1,e74b4418cc29ce7a,Manual Review
CLM-0692,Rachel Li,Laptop,HP,HP-930,HP-484914,1142,2024-02-01,2024-07-07,5.2,12,6.8,Power Failure,Unauthorized Repair,True,True,True,False,True,False,False,0,e956d932d5cb9256,Invalid Claim
CLM-0669,Michael Burns,Washing Machine,LG,LG-797,LG-871041,871,2024-09-15,2027-06-28,33.9,24,0.0,Power Failure,None,True,False,True,False,False,False,False,1,724c129466024a44,Invalid Claim
CLM-1146,Crystal Jackson,Smartphone,Samsung,SAM-936,SA-814982,1059,2024-10-26,2025-05-19,6.8,12,5.2,Screen Damage,None,True,True,True,True,False,True,False,0,DUP_HASH_REF_001,Manual Review
CLM-1484,Tonya Miller,Laptop,Apple,APP-776,AP-791982,977,2023-12-22,2024-08-28,8.3,12,3.7,Power Failure,None,True,True,True,False,False,False,False,0,bfaacc296671a540,Manual Review
CLM-1208,Oscar Ramos,Smartphone,Apple,APP-609,AP-809920,1168,2024-05-23,2024-05-03,-0.7,12,12.0,Overheating,None,True,True,True,True,False,False,True,0,25d32951925c64ee,Manual Review
CLM-0290,Derek Martinez,Washing Machine,LG,LG-255,LG-562462,419,2024-06-03,2025-05-20,11.7,24,12.3,Water Leakage,Authorized Center Repair,True,True,True,True,False,False,False,0,0b58f24f643dbdbc,Valid Claim
CLM-0789,Adam Greer,Smartphone,Samsung,SAM-793,SA-869983,795,2025-06-03,2026-04-30,11.0,12,1.0,Board Defect,Unauthorized Repair,True,True,True,False,True,False,False,0,f2981bb530df1753,Invalid Claim
CLM-1127,Patrick Smith,Refrigerator,LG,LG-493,LG-536019,1328,2024-02-19,2025-04-28,14.5,24,9.5,Water Leakage,None,True,True,True,True,False,True,False,0,DUP_HASH_REF_001,Manual Review
CLM-0630,Tony Le,Washing Machine,Samsung,SAM-448,SA-526911,579,2023-11-24,2024-04-11,4.6,24,19.4,Motor Failure,Unauthorized Repair,True,True,True,False,True,False,False,0,c5d77f5715f2c19c,Invalid Claim
CLM-0818,Gina Thompson,Washing Machine,LG,LG-731,LG-481884,1060,2024-02-29,2024-10-30,8.1,24,15.9,Water Leakage,Authorized Center Repair,False,False,True,False,False,False,False,2,9afe6968729fa165,Invalid Claim
CLM-0296,Micheal Wallace,Smartphone,Samsung,SAM-143,SA-910616,1006,2025-03-11,2025-06-23,3.5,12,8.5,Power Failure,Authorized Center Repair,True,True,True,True,False,False,False,0,a19dd515671c54d7,Valid Claim
CLM-0271,Leonard Holland,Smartphone,Samsung,SAM-982,SA-456717,717,2024-12-05,2025-03-18,3.4,12,8.6,Board Defect,Authorized Center Repair,True,True,True,True,False,False,False,0,759a4dfc84c24dd4,Valid Claim
CLM-1053,Bryan Smith,Smartphone,Google,GOO-751,GO-433396,1066,2023-10-09,2024-09-09,11.2,12,0.8,Screen Damage,None,True,True,False,True,False,False,False,1,1345ca9feea686a2,Manual Review
CLM-0660,Michael Johnson,Smartphone,Samsung,SAM-674,SA-935471,773,2024-05-16,2026-03-17,22.3,12,0.0,Water Leakage,Authorized Center Repair,True,True,True,False,False,False,False,0,5ea2f5102939d55a,Invalid Claim
CLM-0985,Tiffany Cox,Laptop,Dell,DEL-221,DE-322971,2022,2025-02-15,2025-11-14,9.1,12,2.9,Overheating,None,False,True,True,False,False,False,False,1,1b00a20a9e010cda,Invalid Claim
CLM-1126,Shawn Ortiz,Laptop,Apple,APP-113,AP-262240,1000,2023-11-30,2024-04-05,4.2,12,7.8,Overheating,None,True,True,True,False,False,False,False,0,85f53c3b6f07fc69,Manual Review
CLM-1424,Randy Garcia,Laptop,Lenovo,LEN-658,LE-189755,1224,2025-05-20,2025-11-18,6.1,12,5.9,Screen Damage,None,True,True,False,True,False,False,False,1,01de2f82233ee622,Manual Review
CLM-0190,Christine Clark,Washing Machine,LG,LG-529,LG-656251,1164,2023-12-12,2024-08-18,8.3,24,15.7,Water Leakage,Authorized Center Repair,True,True,True,True,False,False,False,0,1f8e142310dbc061,Valid Claim
CLM-1012,Ryan Stokes,Refrigerator,Samsung,SAM-723,SA-240221,1916,2024-11-13,2026-10-05,23.0,24,1.0,Water Leakage,None,True,True,True,False,False,False,False,0,9a446cd3c8fce6bc,Manual Review
CLM-0149,Brian Gould,Washing Machine,LG,LG-816,LG-699704,790,2024-01-02,2025-02-02,13.2,24,10.8,Power Failure,Authorized Center Repair,True,True,True,True,False,False,False,0,39bbca8933737648,Valid Claim
CLM-0178,Dr. Elizabeth Ward,Refrigerator,LG,LG-912,LG-734836,1535,2024-05-02,2025-08-15,15.7,24,8.3,Board Defect,None,True,True,True,True,False,False,False,0,fdb1b49681eb811b,Valid Claim
CLM-1367,Ann Mason,Laptop,Lenovo,LEN-109,LE-252085,1361,2025-07-01,2026-01-07,6.3,12,5.7,Power Failure,None,True,True,True,False,False,False,False,0,9f320d9c0c6e5ba8,Manual Review
CLM-0442,Thomas Brown,Refrigerator,Bosch,BOS-480,BO-921021,1559,2024-01-04,2024-10-25,9.8,24,14.2,Screen Damage,None,True,True,True,True,False,False,False,0,514cdeacd8f59461,Valid Claim
CLM-0986,Sarah Rivera,Smartphone,Apple,APP-220,AP-487538,547,2023-11-07,2024-05-03,5.9,12,6.1,Power Failure,Unauthorized Repair,True,True,True,True,True,False,False,0,94da33227a45ddbd,Invalid Claim
CLM-0971,Misty Walker,Smartphone,Samsung,SAM-249,SA-993796,1239,2025-05-14,2025-12-15,7.2,12,4.8,Motor Failure,Unauthorized Repair,True,True,True,False,True,False,False,0,39cd0c06bb3c6d00,Invalid Claim
CLM-0984,Stefanie Hart,Smartphone,Samsung,SAM-828,SA-867260,1302,2025-01-18,2025-05-11,3.8,12,8.2,Water Leakage,None,False,True,True,False,False,False,False,1,f3afffe746f838d6,Invalid Claim
CLM-0925,Peggy Freeman,Refrigerator,Samsung,SAM-462,SA-684056,695,2025-07-26,2027-09-10,25.9,24,0.0,Overheating,Authorized Center Repair,True,True,True,False,False,False,False,0,d08197a2c268f271,Invalid Claim
CLM-0173,Patrick Rivera,Washing Machine,Whirlpool,WHI-625,WH-599380,465,2024-06-19,2025-10-21,16.3,24,7.7,Overheating,Authorized Center Repair,True,True,True,True,False,False,False,0,8550bc272bc065fc,Valid Claim
CLM-0223,Sarah Morgan,Smartphone,Apple,APP-955,AP-350786,1393,2024-04-27,2024-11-01,6.3,12,5.7,Screen Damage,Authorized Center Repair,True,True,True,True,False,False,False,0,f61d5b0aa09840d1,Valid Claim
CLM-1077,Erin Castillo,Smartphone,Apple,APP-211,AP-505205,1394,2024-01-08,2024-05-13,4.2,12,7.8,Power Failure,None,True,True,False,True,False,False,False,1,3954bc44cc93b264,Manual Review
CLM-0155,Raymond Jefferson,Refrigerator,Bosch,BOS-944,BO-385765,1527,2024-04-01,2024-10-16,6.6,24,17.4,Water Leakage,Authorized Center Repair,True,True,True,True,False,False,False,0,dcca04646f1ffcd9,Valid Claim
CLM-0931,Nicole Schmidt,Refrigerator,Samsung,SAM-465,SA-589824,1945,2023-10-06,2024-03-02,4.9,24,19.1,Board Defect,Authorized Center Repair,False,True,True,False,False,False,False,1,22fca23c774cc23f,Invalid Claim
CLM-0683,Krystal Barton,Washing Machine,LG,LG-671,LG-787603,613,2024-02-03,2024-05-24,3.7,24,20.3,Board Defect,Authorized Center Repair,False,True,True,False,False,False,False,1,904831a616a377ab,Invalid Claim
CLM-1191,Alejandro Martinez,Laptop,Lenovo,LEN-176,LE-234733,1168,2025-06-16,2026-05-30,11.6,12,0.4,Overheating,None,True,True,False,True,False,False,False,1,a8c068c1696ce5cf,Manual Review
CLM-0027,James Ferrell,Laptop,HP,HP-169,HP-174441,614,2025-01-01,2025-03-02,2.0,12,10.0,Motor Failure,None,True,True,True,True,False,False,False,0,6503a709a8ce76a8,Valid Claim
CLM-0878,Alicia Roth,Washing Machine,Samsung,SAM-504,SA-648051,848,2024-04-21,2024-08-16,3.9,24,20.1,Water Leakage,Unauthorized Repair,True,True,True,True,True,False,False,0,fcc2ae6333fa4332,Invalid Claim
CLM-1033,Tina Meyer,Smartphone,Apple,APP-401,AP-810477,508,2024-05-29,2024-07-26,1.9,12,10.1,Water Leakage,None,True,True,True,False,False,False,False,0,9a280f5fc17b768a,Manual Review
CLM-1297,Barbara Townsend,Laptop,HP,HP-187,HP-133939,1907,2024-08-14,2025-01-14,5.1,12,6.9,Overheating,None,True,True,True,True,False,True,False,0,DUP_HASH_REF_001,Manual Review
CLM-1230,Calvin Gonzales,Laptop,HP,HP-223,HP-719914,2350,2023-12-14,2023-12-02,-0.4,12,12.0,Screen Damage,None,True,True,True,True,False,False,True,0,008c639596d66b3d,Manual Review
CLM-0445,Blake Gonzalez,Refrigerator,Samsung,SAM-261,SA-694423,1523,2025-08-21,2026-03-09,6.7,24,17.3,Power Failure,Authorized Center Repair,True,True,True,True,False,False,False,0,7c9090f6c2482aed,Valid Claim
CLM-0803,Joshua Washington,Laptop,Lenovo,LEN-747,LE-509054,2025,2025-04-02,2027-03-15,23.7,12,0.0,Water Leakage,Authorized Center Repair,True,False,True,True,False,False,False,1,8703a94151e955fe,Invalid Claim
CLM-0408,Dawn Mullins,Refrigerator,Bosch,BOS-730,BO-763508,1749,2025-06-20,2026-10-01,15.6,24,8.4,Screen Damage,None,True,True,True,True,False,False,False,0,8d933646ca5a8686,Valid Claim
CLM-1376,Seth Huffman,Refrigerator,LG,LG-727,LG-683480,663,2025-09-03,2026-08-19,11.7,24,12.3,Motor Failure,None,True,True,False,True,False,False,False,1,136721054421fa2d,Manual Review
CLM-0189,Amy Choi,Laptop,HP,HP-245,HP-789275,1759,2024-05-20,2025-01-10,7.8,12,4.2,Board Defect,None,True,True,True,True,False,False,False,0,824bd7814cb59030,Valid Claim
CLM-1353,Jason Novak,Smartphone,Google,GOO-421,GO-320511,456,2024-02-23,2024-10-24,8.1,12,3.9,Board Defect,None,True,True,False,True,False,False,False,1,6aa01d73868d9203,Manual Review
CLM-1072,Stephanie Stewart,Smartphone,Google,GOO-973,GO-319765,1155,2024-05-04,2025-01-13,8.5,12,3.5,Overheating,None,True,True,False,True,False,False,False,1,ea1096d59d668809,Manual Review
CLM-1156,Melissa Church,Washing Machine,LG,LG-363,LG-502118,734,2025-06-03,2025-05-06,-0.9,24,24.0,Board Defect,None,True,True,True,True,False,False,True,0,496d78250b621046,Manual Review
CLM-0003,Amanda Davis,Washing Machine,LG,LG-674,LG-629903,638,2023-12-02,2025-09-08,21.5,24,2.5,Screen Damage,None,True,True,True,True,False,False,False,0,23e0e55e06b0bf68,Valid Claim
CLM-1205,Kimberly Johnson,Refrigerator,LG,LG-750,LG-645883,1376,2025-09-22,2026-06-13,8.8,24,15.2,Motor Failure,None,True,True,True,True,False,True,False,0,DUP_HASH_REF_001,Manual Review
CLM-0706,Claudia Jordan,Washing Machine,Samsung,SAM-770,SA-163029,574,2025-06-05,2026-01-26,7.8,24,16.2,Motor Failure,Authorized Center Repair,False,True,True,False,False,False,False,1,42db805d9e853907,Invalid Claim
CLM-0307,Kristina Rivera,Smartphone,Google,GOO-854,GO-853504,826,2023-11-11,2024-03-15,4.2,12,7.8,Power Failure,None,True,True,True,True,False,False,False,0,3ab29baa412c97c3,Valid Claim
CLM-0037,Cynthia Allen,Smartphone,Apple,APP-693,AP-411120,688,2025-07-02,2025-11-20,4.7,12,7.3,Board Defect,None,True,True,True,True,False,False,False,0,c202bedd7337e366,Valid Claim
CLM-0958,Anna Chang,Washing Machine,Samsung,SAM-814,SA-537400,1063,2024-08-21,2025-01-17,5.0,24,19.0,Water Leakage,Authorized Center Repair,False,False,True,False,False,False,False,2,d4d3a62dcacf12cb,Invalid Claim
CLM-0938,Jennifer Perez,Smartphone,Apple,APP-972,AP-367558,1116,2025-08-30,2027-01-24,17.1,12,0.0,Screen Damage,Authorized Center Repair,True,True,True,True,False,False,False,0,82abcd4f2360beb9,Invalid Claim
CLM-1194,Jordan Hampton,Refrigerator,Bosch,BOS-677,BO-776930,1927,2024-06-27,2025-02-09,7.6,24,16.4,Board Defect,None,True,True,True,True,False,True,False,0,DUP_HASH_REF_001,Manual Review
CLM-1287,Raymond Harding,Refrigerator,LG,LG-900,LG-857656,1342,2025-07-21,2026-07-31,12.5,24,11.5,Board Defect,None,True,True,False,True,False,False,False,1,0b4a399e1f03b3df,Manual Review
CLM-1306,Karen Gonzalez,Washing Machine,LG,LG-924,LG-758285,980,2024-01-05,2025-06-27,18.0,24,6.0,Motor Failure,None,True,True,True,False,False,False,False,0,469a2e621ed23a24,Manual Review
CLM-0915,Carl Green,Laptop,Apple,APP-421,AP-772240,2220,2024-05-11,2025-06-06,13.0,12,0.0,Overheating,Authorized Center Repair,True,True,True,False,False,False,False,0,ece33b50fd4b50a2,Invalid Claim
CLM-0248,Megan Moore,Smartphone,Apple,APP-844,AP-468623,1209,2024-09-21,2025-06-06,8.6,12,3.4,Power Failure,None,True,True,True,True,False,False,False,0,85e27e43738d5b9d,Valid Claim
CLM-0759,Frank Butler,Refrigerator,LG,LG-564,LG-292259,1302,2025-02-16,2027-01-28,23.7,24,0.3,Water Leakage,Unauthorized Repair,True,False,True,False,True,False,False,1,665dfda797b52c3f,Invalid Claim
CLM-1129,Jennifer Rodriguez,Laptop,HP,HP-621,HP-557491,2162,2025-03-13,2025-08-20,5.3,12,6.7,Board Defect,None,True,True,True,True,False,True,False,0,DUP_HASH_REF_001,Manual Review
CLM-0690,Christine Rojas,Washing Machine,Whirlpool,WHI-106,WH-398301,435,2025-05-20,2025-07-05,1.5,24,22.5,Power Failure,Unauthorized Repair,True,True,True,False,True,False,False,0,77708ec24ddf5b8c,Invalid Claim
CLM-1477,Martin Perry,Refrigerator,Bosch,BOS-426,BO-785395,1099,2024-01-09,2024-10-15,9.3,24,14.7,Board Defect,None,True,True,True,True,False,True,False,0,DUP_HASH_REF_001,Manual Review
CLM-1076,Jessica Larsen,Laptop,HP,HP-490,HP-695791,1276,2025-04-01,2026-03-19,11.7,12,0.3,Screen Damage,None,True,True,False,True,False,False,False,1,3907bb1aac769e30,Manual Review
CLM-0526,Emily Wilson,Smartphone,Samsung,SAM-843,SA-538897,831,2025-08-15,2026-03-31,7.6,12,4.4,Board Defect,None,False,True,True,False,False,False,False,1,5c5f02747f3c453b,Invalid Claim
CLM-0524,Amy Wilson,Smartphone,Apple,APP-771,AP-389913,988,2024-07-01,2025-01-13,6.5,12,5.5,Board Defect,Unauthorized Repair,True,False,True,False,True,False,False,1,5b2b43acfef9ae4e,Invalid Claim
CLM-0634,Marilyn Wheeler,Washing Machine,Whirlpool,WHI-667,WH-360316,669,2025-06-20,2025-10-23,4.2,24,19.8,Screen Damage,Authorized Center Repair,False,False,True,True,False,False,False,2,b951b097f74bba8e,Invalid Claim
CLM-1416,Carol Obrien,Laptop,Lenovo,LEN-115,LE-402262,1597,2025-01-24,2025-03-28,2.1,12,9.9,Water Leakage,None,True,True,True,True,False,True,False,0,DUP_HASH_REF_001,Manual Review
CLM-0024,Kevin Cox,Smartphone,Google,GOO-316,GO-377932,638,2024-12-23,2025-10-19,10.0,12,2.0,Overheating,Authorized Center Repair,True,True,True,True,False,False,False,0,c84b635e4754e811,Valid Claim
CLM-0249,Victoria Evans,Smartphone,Samsung,SAM-625,SA-178686,417,2024-09-03,2025-04-28,7.9,12,4.1,Board Defect,Authorized Center Repair,True,True,True,True,False,False,False,0,0bc96c950a6665d9,Valid Claim
CLM-0144,Diana Bean,Smartphone,Apple,APP-274,AP-656968,800,2025-05-09,2026-01-04,8.0,12,4.0,Screen Damage,None,True,True,True,True,False,False,False,0,70fa6e54fba0a1fb,Valid Claim
CLM-0175,Bryan Herrera,Refrigerator,LG,LG-967,LG-132663,1817,2025-04-08,2025-07-09,3.1,24,20.9,Water Leakage,Authorized Center Repair,True,True,True,True,False,False,False,0,e153d886489520b2,Valid Claim
CLM-0786,Megan Green,Smartphone,Google,GOO-643,GO-345011,1390,2024-07-29,2025-03-15,7.6,12,4.4,Water Leakage,Authorized Center Repair,False,False,True,True,False,False,False,2,5690dabf28a20ae7,Invalid Claim
CLM-0274,David Medina,Laptop,Dell,DEL-354,DE-404309,703,2024-10-12,2025-05-26,7.5,12,4.5,Screen Damage,Authorized Center Repair,True,True,True,True,False,False,False,0,79599dd7ee9fdada,Valid Claim
CLM-0842,Stephanie Davis,Laptop,Lenovo,LEN-888,LE-927607,951,2023-11-23,2024-04-17,4.9,12,7.1,Motor Failure,Authorized Center Repair,False,False,True,False,False,False,False,2,b42179068573fdf8,Invalid Claim
CLM-1308,Dana Adams,Refrigerator,Samsung,SAM-690,SA-269316,1105,2025-04-19,2025-07-27,3.3,24,20.7,Power Failure,None,True,True,True,True,False,True,False,0,DUP_HASH_REF_001,Manual Review
CLM-0462,Christopher Ferrell,Washing Machine,Whirlpool,WHI-415,WH-907756,766,2024-05-25,2025-01-22,8.1,24,15.9,Water Leakage,Authorized Center Repair,True,True,True,True,False,False,False,0,530d23dbd65c8f43,Valid Claim
CLM-1068,Tara Gamble,Refrigerator,Samsung,SAM-108,SA-733375,1945,2023-11-07,2024-04-26,5.7,24,18.3,Power Failure,None,True,True,True,True,False,True,False,0,DUP_HASH_REF_001,Manual Review
CLM-0358,Maria Jones,Washing Machine,Whirlpool,WHI-377,WH-340927,443,2023-11-05,2024-07-08,8.2,24,15.8,Motor Failure,Authorized Center Repair,True,True,True,True,False,False,False,0,bf84ad027bf13e00,Valid Claim
CLM-1392,Sarah Brown,Washing Machine,Samsung,SAM-371,SA-656673,1077,2023-11-17,2025-03-24,16.4,24,7.6,Motor Failure,None,True,True,True,True,False,True,False,0,DUP_HASH_REF_001,Manual Review
CLM-0261,Carlos Ryan,Smartphone,Google,GOO-560,GO-231414,451,2024-08-13,2025-02-21,6.4,12,5.6,Water Leakage,None,True,True,True,True,False,False,False,0,9dd7864c97f6d4e1,Valid Claim
CLM-0846,Monica Baker,Washing Machine,LG,LG-856,LG-623676,814,2024-11-29,2027-08-10,32.8,24,0.0,Overheating,Authorized Center Repair,True,True,True,True,False,False,False,0,2e44aff8f9a35564,Invalid Claim
CLM-1462,Rhonda Sherman,Laptop,Lenovo,LEN-696,LE-748696,1417,2025-08-27,2025-10-25,2.0,12,10.0,Water Leakage,None,True,True,True,False,False,False,False,0,d07a174377329377,Manual Review
CLM-1473,Cole Cruz,Laptop,Dell,DEL-284,DE-159406,756,2024-02-07,2024-05-11,3.1,12,8.9,Power Failure,None,True,True,False,True,False,False,False,1,0f61a15d76fba456,Manual Review
CLM-0824,Marie Thompson,Washing Machine,Whirlpool,WHI-528,WH-162549,982,2025-02-03,2025-07-22,5.6,24,18.4,Screen Damage,None,False,False,True,False,False,False,False,2,17124a7eba055bbe,Invalid Claim
CLM-0839,Jerry Lloyd,Washing Machine,Samsung,SAM-530,SA-815551,826,2025-03-12,2025-08-24,5.5,24,18.5,Water Leakage,Unauthorized Repair,True,False,True,False,True,False,False,1,6c110dc7e78ab436,Invalid Claim
CLM-0654,Joel Frazier,Washing Machine,Samsung,SAM-353,SA-262816,1032,2024-09-06,2027-08-27,36.2,24,0.0,Board Defect,Authorized Center Repair,True,False,True,True,False,False,False,1,6b4f1260f0cc8c3b,Invalid Claim
CLM-0397,Kelly Ward,Washing Machine,Whirlpool,WHI-412,WH-428399,537,2025-02-23,2025-07-23,5.0,24,19.0,Motor Failure,None,True,True,True,True,False,False,False,0,795f5534850a444d,Valid Claim
CLM-1061,Maria Bernard,Washing Machine,LG,LG-631,LG-188109,1169,2025-06-04,2026-05-02,11.1,24,12.9,Power Failure,None,True,True,False,True,False,False,False,1,2e4dc04fcc226e39,Manual Review
CLM-0589,Pamela Gutierrez,Refrigerator,Bosch,BOS-260,BO-395192,677,2025-06-22,2026-08-16,14.0,24,10.0,Overheating,Authorized Center Repair,False,True,True,False,False,False,False,1,05ffbb1eea08ddd1,Invalid Claim
CLM-0542,Christopher Taylor,Refrigerator,Bosch,BOS-216,BO-834764,1740,2023-10-20,2026-06-10,32.1,24,0.0,Motor Failure,None,True,True,True,False,False,False,False,0,51a5d1919cd9f3c8,Invalid Claim
CLM-0959,Charles Holland,Washing Machine,LG,LG-619,LG-861485,694,2023-10-31,2026-07-17,33.0,24,0.0,Screen Damage,Authorized Center Repair,True,False,True,True,False,False,False,1,143b25f34262d3fd,Invalid Claim
CLM-0829,Lance Mccall,Washing Machine,Whirlpool,WHI-763,WH-526369,1149,2024-12-09,2027-03-06,27.2,24,0.0,Motor Failure,Authorized Center Repair,True,False,True,True,False,False,False,1,35e17aece9d873d4,Invalid Claim
CLM-0360,Susan Marks,Washing Machine,LG,LG-406,LG-251195,1001,2025-07-18,2026-09-28,14.6,24,9.4,Screen Damage,None,True,True,True,True,False,False,False,0,233447f8ae2b9ca9,Valid Claim
CLM-0118,Stephen Johnston,Washing Machine,LG,LG-549,LG-931131,569,2023-11-21,2024-10-30,11.5,24,12.5,Motor Failure,Authorized Center Repair,True,True,True,True,False,False,False,0,dec820a70fc13b26,Valid Claim
CLM-1468,Edward Wood,Refrigerator,Samsung,SAM-722,SA-158045,543,2025-07-15,2025-06-23,-0.7,24,24.0,Water Leakage,None,True,True,True,True,False,False,True,0,6900429c3062284f,Manual Review
CLM-1423,Morgan Mills,Refrigerator,Bosch,BOS-238,BO-816514,785,2024-06-16,2025-02-05,7.8,24,16.2,Water Leakage,None,True,True,True,True,False,True,False,0,DUP_HASH_REF_001,Manual Review
CLM-1321,Amanda Jackson,Smartphone,Samsung,SAM-245,SA-766566,816,2025-08-29,2025-12-27,4.0,12,8.0,Motor Failure,None,True,True,True,False,False,False,False,0,c50a4b9022858c50,Manual Review
CLM-1091,Teresa Williams,Washing Machine,Whirlpool,WHI-561,WH-917376,1184,2025-04-19,2026-04-17,12.1,24,11.9,Screen Damage,None,True,True,False,True,False,False,False,1,196e36e4b2d92aeb,Manual Review
CLM-1187,Justin Bradley,Laptop,Apple,APP-147,AP-100089,1947,2024-10-07,2025-03-13,5.2,12,6.8,Overheating,None,True,True,True,True,False,True,False,0,DUP_HASH_REF_001,Manual Review
CLM-0103,April Frost,Refrigerator,LG,LG-357,LG-575786,1939,2023-10-30,2024-09-01,10.2,24,13.8,Screen Damage,Authorized Center Repair,True,True,True,True,False,False,False,0,33d9790bcef42c96,Valid Claim
CLM-0363,Angela Hansen,Laptop,Dell,DEL-130,DE-734565,1297,2024-12-31,2025-08-21,7.8,12,4.2,Board Defect,Authorized Center Repair,True,True,True,True,False,False,False,0,b9cc3673e59b1823,Valid Claim
CLM-0841,Stephen Martin,Refrigerator,LG,LG-411,LG-798199,1715,2023-11-22,2025-06-16,19.1,24,4.9,Overheating,Unauthorized Repair,True,False,True,False,True,False,False,1,6a183ecd99ca9f0c,Invalid Claim
CLM-0647,Rachel Ward,Washing Machine,Samsung,SAM-120,SA-450912,1162,2024-08-15,2025-09-18,13.3,24,10.7,Water Leakage,Authorized Center Repair,False,False,True,False,False,False,False,2,ab7e90b288fed819,Invalid Claim
CLM-0119,Kathleen Sanchez,Smartphone,Google,GOO-612,GO-833723,922,2025-04-05,2025-11-27,7.9,12,4.1,Overheating,Authorized Center Repair,True,True,True,True,False,False,False,0,8266fe88897a1dff,Valid Claim
CLM-0973,Matthew Wright,Laptop,Dell,DEL-511,DE-848022,1893,2025-01-18,2025-11-10,9.9,12,2.1,Board Defect,Unauthorized Repair,True,False,True,False,True,False,False,1,d5a578d90dd7407e,Invalid Claim
CLM-0565,Scott Thomas,Washing Machine,Samsung,SAM-723,SA-729718,1073,2025-07-16,2026-07-10,12.0,24,12.0,Board Defect,Unauthorized Repair,True,False,True,False,True,False,False,1,61ce8390809dc73b,Invalid Claim
CLM-0409,Scott Williams,Laptop,HP,HP-645,HP-162241,2249,2024-02-21,2025-01-07,10.7,12,1.3,Power Failure,Authorized Center Repair,True,True,True,True,False,False,False,0,fd8bc3812407c6d1,Valid Claim
CLM-1492,Andrew Livingston,Laptop,Apple,APP-577,AP-118105,1547,2024-05-11,2025-01-21,8.5,12,3.5,Motor Failure,None,True,True,True,False,False,False,False,0,eab4b5f74f91ea3e,Manual Review
CLM-1202,Scott Martinez,Smartphone,Samsung,SAM-229,SA-371645,561,2024-08-12,2024-07-17,-0.9,12,12.0,Screen Damage,None,True,True,True,True,False,False,True,0,dc1961967b281cbd,Manual Review
CLM-1302,Laura Davis,Washing Machine,Samsung,SAM-740,SA-258898,565,2024-09-06,2026-01-23,16.8,24,7.2,Motor Failure,None,True,True,True,False,False,False,False,0,58af78d85e674116,Manual Review
CLM-0099,Shawn Green,Refrigerator,Bosch,BOS-347,BO-641722,520,2025-09-24,2026-05-07,7.5,24,16.5,Board Defect,None,True,True,True,True,False,False,False,0,43b583f50a4656b4,Valid Claim
CLM-0812,Oscar Howard,Smartphone,Apple,APP-598,AP-239849,383,2024-12-29,2026-12-12,23.8,12,0.0,Motor Failure,Authorized Center Repair,True,True,True,True,False,False,False,0,b0ec27f41bfc3770,Invalid Claim
CLM-0575,Christine Herman,Washing Machine,LG,LG-538,LG-870786,577,2025-03-19,2025-08-18,5.1,24,18.9,Power Failure,Unauthorized Repair,True,False,True,True,True,False,False,1,7cdb63fb8cbd8d26,Invalid Claim
CLM-1350,Michael Woods,Washing Machine,Whirlpool,WHI-710,WH-208442,993,2023-10-16,2024-03-07,4.8,24,19.2,Motor Failure,None,True,True,False,True,False,False,False,1,e230d5c79349452a,Manual Review
CLM-1407,Toni Collier,Refrigerator,Bosch,BOS-658,BO-574602,1187,2025-04-10,2026-09-24,17.7,24,6.3,Power Failure,None,True,True,True,True,False,True,False,0,DUP_HASH_REF_001,Manual Review
CLM-1213,Lynn Fields,Laptop,Dell,DEL-371,DE-413710,1194,2024-12-27,2025-09-30,9.2,12,2.8,Screen Damage,None,True,True,True,True,False,True,False,0,DUP_HASH_REF_001,Manual Review
CLM-0164,Jerry Christensen,Laptop,Apple,APP-386,AP-203831,1941,2023-12-02,2024-09-07,9.3,12,2.7,Motor Failure,Authorized Center Repair,True,True,True,True,False,False,False,0,3c70a7f7f3d93288,Valid Claim
CLM-0733,Brian Porter MD,Washing Machine,Whirlpool,WHI-150,WH-138504,757,2024-03-29,2026-05-04,25.5,24,0.0,Motor Failure,Authorized Center Repair,True,False,True,True,False,False,False,1,ce35b4bb65965b60,Invalid Claim
CLM-0313,Sarah Villegas,Smartphone,Samsung,SAM-806,SA-525110,627,2024-03-19,2024-12-31,9.6,12,2.4,Motor Failure,Authorized Center Repair,True,True,True,True,False,False,False,0,3dfa3b81f15a064a,Valid Claim
CLM-0845,William Ortiz,Laptop,Dell,DEL-646,DE-432339,1963,2023-12-13,2024-03-27,3.5,12,8.5,Power Failure,Authorized Center Repair,False,False,True,True,False,False,False,2,7ca12d0ad32b487c,Invalid Claim
CLM-0104,Teresa Mclaughlin,Washing Machine,Whirlpool,WHI-296,WH-430876,597,2024-11-17,2025-04-18,5.1,24,18.9,Screen Damage,None,True,True,True,True,False,False,False,0,1c1c20461c674bd2,Valid Claim
CLM-0951,Melissa Castillo,Refrigerator,Bosch,BOS-228,BO-823825,1879,2024-10-15,2025-12-23,14.5,24,9.5,Screen Damage,Unauthorized Repair,True,False,True,True,True,False,False,1,5125840391befea3,Invalid Claim
CLM-1326,Katie Mckinney,Laptop,Dell,DEL-780,DE-800409,2080,2024-03-23,2024-03-08,-0.5,12,12.0,Board Defect,None,True,True,True,True,False,False,True,0,deda2bca00db65ce,Manual Review
CLM-0392,Eric Williams,Laptop,Apple,APP-706,AP-130610,1410,2025-05-20,2025-09-28,4.4,12,7.6,Water Leakage,Authorized Center Repair,True,True,True,True,False,False,False,0,c127f9137766125e,Valid Claim
CLM-1119,Anna Hopkins,Laptop,HP,HP-842,HP-632073,1083,2024-10-20,2024-12-29,2.3,12,9.7,Water Leakage,None,True,True,False,True,False,False,False,1,71e95987cc2c188f,Manual Review
CLM-0516,Brian Martin,Smartphone,Apple,APP-355,AP-696296,1373,2024-04-24,2025-08-15,15.9,12,0.0,Motor Failure,None,True,True,True,True,False,False,False,0,4f620592836331db,Invalid Claim
CLM-0370,Amanda Rogers,Refrigerator,LG,LG-897,LG-406024,525,2025-04-21,2026-07-18,15.1,24,8.9,Motor Failure,Authorized Center Repair,True,True,True,True,False,False,False,0,ef19312046926e0b,Valid Claim
CLM-1182,Robin Le,Laptop,Apple,APP-669,AP-834781,2264,2024-12-16,2025-01-25,1.3,12,10.7,Overheating,None,True,True,False,True,False,False,False,1,4c7de38ed3e16875,Manual Review
CLM-0082,Deborah Figueroa,Smartphone,Google,GOO-737,GO-981334,638,2024-01-05,2024-09-30,9.0,12,3.0,Overheating,None,True,True,True,True,False,False,False,0,f95badf8443a02a6,Valid Claim
CLM-0166,John Kelly,Refrigerator,Bosch,BOS-382,BO-476096,1820,2025-07-17,2025-10-17,3.1,24,20.9,Screen Damage,Authorized Center Repair,True,True,True,True,False,False,False,0,d5d062ba05fcb633,Valid Claim
CLM-1396,Mr. Timothy Andersen,Refrigerator,Bosch,BOS-211,BO-617594,1744,2023-12-03,2025-06-16,18.7,24,5.3,Board Defect,None,True,True,False,True,False,False,False,1,bb499d4427d1c079,Manual Review
CLM-1401,John Robles,Washing Machine,LG,LG-856,LG-834497,915,2023-09-27,2025-07-25,22.2,24,1.8,Power Failure,None,True,True,False,True,False,False,False,1,32380491c7f3725a,Manual Review
CLM-0424,Jacob Wallace,Laptop,Apple,APP-980,AP-108454,619,2025-03-06,2025-09-27,6.8,12,5.2,Water Leakage,None,True,True,True,True,False,False,False,0,f365e1f5dfbde008,Valid Claim
CLM-0416,Lance Simmons,Refrigerator,Samsung,SAM-944,SA-517035,1594,2024-05-12,2025-01-20,8.4,24,15.6,Screen Damage,Authorized Center Repair,True,True,True,True,False,False,False,0,08bc4d92850f6a87,Valid Claim
CLM-0002,Megan Mcclain,Washing Machine,Whirlpool,WHI-132,WH-671858,1158,2024-01-12,2024-05-10,4.0,24,20.0,Motor Failure,Authorized Center Repair,True,True,True,True,False,False,False,0,e6003a17f7a9e782,Valid Claim
CLM-0705,Melissa Horn,Refrigerator,Bosch,BOS-696,BO-753306,1489,2024-09-16,2025-03-09,5.8,24,18.2,Board Defect,Unauthorized Repair,True,True,True,False,True,False,False,0,fa4159d935519146,Invalid Claim
CLM-1395,Nicholas Fuller,Smartphone,Google,GOO-280,GO-303352,1165,2023-11-10,2023-10-24,-0.6,12,12.0,Overheating,None,True,True,True,True,False,False,True,0,47869d2791f1c6d0,Manual Review
CLM-0833,Monica Rogers,Refrigerator,Samsung,SAM-279,SA-501557,727,2025-03-29,2026-08-17,16.9,24,7.1,Board Defect,None,False,False,True,False,False,False,False,2,bb0ac8401b8a9861,Invalid Claim
CLM-0123,Casey Marshall,Smartphone,Samsung,SAM-193,SA-713762,671,2025-07-15,2026-03-25,8.4,12,3.6,Water Leakage,Authorized Center Repair,True,True,True,True,False,False,False,0,f15e67a54cd080ff,Valid Claim
CLM-0102,Steven Lee,Refrigerator,LG,LG-863,LG-656711,1633,2024-10-27,2025-11-13,12.7,24,11.3,Overheating,Authorized Center Repair,True,True,True,True,False,False,False,0,ff97e5e72849b731,Valid Claim
CLM-1433,Kristin Garcia,Laptop,Lenovo,LEN-738,LE-425992,1886,2023-10-07,2023-11-09,1.1,12,10.9,Board Defect,None,True,True,False,True,False,False,False,1,8578dc1a90d851b3,Manual Review
CLM-1451,Justin Jones,Smartphone,Samsung,SAM-217,SA-164934,431,2025-06-05,2026-05-14,11.4,12,0.6,Motor Failure,None,True,True,True,True,False,True,False,0,DUP_HASH_REF_001,Manual Review
CLM-0665,Sonya Cole,Refrigerator,LG,LG-115,LG-849937,756,2023-10-18,2023-11-25,1.3,24,22.7,Water Leakage,None,False,True,True,True,False,False,False,1,a10de575731ad2ee,Invalid Claim
CLM-0113,Steven Flynn,Washing Machine,Whirlpool,WHI-370,WH-204053,1157,2024-10-27,2025-06-26,8.1,24,15.9,Board Defect,None,True,True,True,True,False,False,False,0,ce61c4eb6162c56a,Valid Claim
CLM-0827,Bethany Daniel,Smartphone,Google,GOO-141,GO-720517,755,2025-04-18,2027-03-02,22.8,12,0.0,Water Leakage,None,True,False,True,True,False,False,False,1,86e3bfd66805b3c7,Invalid Claim
CLM-0899,Michelle Hill,Laptop,Apple,APP-679,AP-792905,1036,2024-05-20,2025-02-13,9.0,12,3.0,Board Defect,Unauthorized Repair,True,False,True,False,True,False,False,1,c41463d0da500c85,Invalid Claim
CLM-0023,Justin Baker,Washing Machine,LG,LG-231,LG-609597,1149,2024-01-12,2024-04-21,3.3,24,20.7,Board Defect,None,True,True,True,True,False,False,False,0,efa60681ca967c0e,Valid Claim
CLM-0432,Joshua Vance,Laptop,Apple,APP-606,AP-777558,1205,2025-03-30,2025-05-26,1.9,12,10.1,Water Leakage,None,True,True,True,True,False,False,False,0,7dc0b0f1882c030c,Valid Claim
CLM-0954,Misty Garcia,Laptop,Apple,APP-582,AP-122876,1464,2025-05-23,2026-09-10,15.8,12,0.0,Motor Failure,None,True,False,True,False,False,False,False,1,c2dab32be421ec90,Invalid Claim
CLM-1133,Justin Webb,Laptop,Dell,DEL-507,DE-908422,839,2024-10-04,2024-12-20,2.6,12,9.4,Board Defect,None,True,True,False,True,False,False,False,1,b70b0541dd432f22,Manual Review
CLM-0702,Paul Neal,Smartphone,Google,GOO-875,GO-561859,598,2023-12-07,2025-04-29,17.0,12,0.0,Board Defect,None,True,False,True,True,False,False,False,1,06c597b22f236d1d,Invalid Claim
CLM-1099,Jared Roth,Laptop,Apple,APP-499,AP-150075,2026,2025-08-30,2026-08-20,11.8,12,0.2,Board Defect,None,True,True,True,False,False,False,False,0,dedbc6f75508f397,Manual Review
CLM-1344,Monica Cannon,Laptop,Apple,APP-746,AP-204415,1073,2025-07-09,2025-10-11,3.1,12,8.9,Overheating,None,True,True,True,False,False,False,False,0,91c7c39420c03ce1,Manual Review
CLM-0963,Karen Fisher,Washing Machine,Samsung,SAM-926,SA-474387,667,2024-07-21,2025-01-29,6.4,24,17.6,Motor Failure,Unauthorized Repair,True,True,True,True,True,False,False,0,d56dd756d1370bd4,Invalid Claim
CLM-0025,Ann Williams,Laptop,Lenovo,LEN-629,LE-804314,1417,2024-01-11,2024-08-19,7.4,12,4.6,Water Leakage,Authorized Center Repair,True,True,True,True,False,False,False,0,c5a6c941b0ad31b9,Valid Claim
CLM-1497,Douglas Hodge,Refrigerator,Samsung,SAM-831,SA-852204,1633,2024-04-08,2024-12-27,8.8,24,15.2,Power Failure,None,True,True,True,False,False,False,False,0,9dbf45b3c9ab2ec7,Manual Review
CLM-0949,Sandra Dudley,Washing Machine,Samsung,SAM-771,SA-118785,947,2024-02-28,2026-10-07,31.7,24,0.0,Water Leakage,None,True,True,True,True,False,False,False,0,5db4c795d35de3c1,Invalid Claim
CLM-0242,Amber Flynn,Refrigerator,Bosch,BOS-359,BO-955015,1315,2024-05-15,2025-12-22,19.5,24,4.5,Motor Failure,Authorized Center Repair,True,True,True,True,False,False,False,0,e20bbd4ddba64b80,Valid Claim
CLM-0483,Mark Harvey,Laptop,Lenovo,LEN-122,LE-286080,2068,2024-10-03,2025-04-16,6.5,12,5.5,Screen Damage,None,True,True,True,True,False,False,False,0,dc7c240d14784880,Valid Claim
CLM-0960,Jeffrey Howell,Refrigerator,Bosch,BOS-953,BO-788870,1964,2024-06-07,2024-11-18,5.5,24,18.5,Board Defect,Authorized Center Repair,False,False,True,False,False,False,False,2,60272f1e43b3888d,Invalid Claim
CLM-0243,Jeffrey Sanchez,Laptop,Lenovo,LEN-379,LE-918771,1331,2024-05-10,2024-07-03,1.8,12,10.2,Motor Failure,Authorized Center Repair,True,True,True,True,False,False,False,0,da590455ab17d9f5,Valid Claim
CLM-0090,Rita Keith,Refrigerator,Samsung,SAM-506,SA-126925,1685,2024-01-30,2025-01-13,11.6,24,12.4,Board Defect,Authorized Center Repair,True,True,True,True,False,False,False,0,b2e54577b056deca,Valid Claim
CLM-0892,Ryan Green,Smartphone,Samsung,SAM-684,SA-829765,341,2024-06-23,2025-05-20,11.0,12,1.0,Water Leakage,None,False,False,True,False,False,False,False,2,5563635a09f6820d,Invalid Claim
CLM-1172,Diana Walker,Laptop,Apple,APP-323,AP-605876,2025,2025-05-11,2025-04-30,-0.4,12,12.0,Board Defect,None,True,True,True,True,False,False,True,0,6c88867804cb886f,Manual Review
CLM-1466,William Cooper,Smartphone,Google,GOO-840,GO-678211,465,2025-09-22,2025-09-09,-0.4,12,12.0,Motor Failure,None,True,True,True,True,False,False,True,0,7720e30d4d54044c,Manual Review
CLM-0693,Gregory Campbell,Washing Machine,Whirlpool,WHI-599,WH-696707,809,2025-06-12,2027-08-10,26.3,24,0.0,Board Defect,Authorized Center Repair,True,False,True,True,False,False,False,1,9994af8adb9784bb,Invalid Claim
CLM-0347,Heather Jones,Refrigerator,LG,LG-571,LG-858705,1500,2024-04-26,2026-03-14,22.9,24,1.1,Screen Damage,Authorized Center Repair,True,True,True,True,False,False,False,0,b441b013e9d119f1,Valid Claim
CLM-0989,Ronald Brandt,Washing Machine,LG,LG-900,LG-604550,827,2023-09-27,2024-09-08,11.6,24,12.4,Water Leakage,Unauthorized Repair,True,False,True,False,True,False,False,1,82836d261e71595d,Invalid Claim
CLM-1312,Wanda Ramos,Refrigerator,LG,LG-369,LG-815339,670,2024-06-23,2025-09-19,15.1,24,8.9,Board Defect,None,True,True,False,True,False,False,False,1,652ef8bada6d66f3,Manual Review
CLM-1352,Katherine Taylor,Refrigerator,Samsung,SAM-523,SA-205561,1300,2024-02-15,2025-07-31,17.7,24,6.3,Motor Failure,None,True,True,True,False,False,False,False,0,fe5cf9acf4f02c2f,Manual Review
CLM-0696,Brandy Brady,Washing Machine,Samsung,SAM-789,SA-692354,952,2025-03-06,2027-09-09,30.6,24,0.0,Board Defect,None,True,True,True,True,False,False,False,0,056f2934a6b3dc5b,Invalid Claim
CLM-0866,Sandra Scott,Washing Machine,LG,LG-711,LG-602811,417,2025-06-25,2026-06-09,11.6,24,12.4,Overheating,Authorized Center Repair,False,True,True,False,False,False,False,1,88d638ca53762b7e,Invalid Claim
CLM-0945,Jason Garcia,Washing Machine,LG,LG-575,LG-212860,925,2025-01-27,2026-05-07,15.5,24,8.5,Board Defect,Unauthorized Repair,True,False,True,True,True,False,False,1,951b7659cae84c91,Invalid Claim
CLM-0275,Michael Paul,Refrigerator,Bosch,BOS-610,BO-427905,1976,2024-07-23,2025-03-04,7.5,24,16.5,Overheating,None,True,True,True,True,False,False,False,0,c26194538ec15bf2,Valid Claim
CLM-1101,David Robertson,Laptop,HP,HP-116,HP-350127,1367,2024-01-11,2024-05-22,4.4,12,7.6,Water Leakage,None,True,True,True,False,False,False,False,0,dab30010fdc61239,Manual Review
CLM-1389,Rachel Thompson,Refrigerator,LG,LG-509,LG-750618,1426,2025-03-22,2025-02-21,-1.0,24,24.0,Screen Damage,None,True,True,True,True,False,False,True,0,6eda99c77d19421c,Manual Review
CLM-1425,Wendy Harris,Smartphone,Samsung,SAM-810,SA-245342,496,2025-09-23,2026-07-19,10.0,12,2.0,Power Failure,None,True,True,False,True,False,False,False,1,8ef8b11a496e4523,Manual Review
CLM-0207,Julie Ortiz,Refrigerator,Samsung,SAM-746,SA-171603,1400,2024-10-11,2026-03-05,17.0,24,7.0,Power Failure,Authorized Center Repair,True,True,True,True,False,False,False,0,81efb48419806dc4,Valid Claim
CLM-1409,Andrew Taylor,Refrigerator,Bosch,BOS-215,BO-998583,1859,2025-09-06,2027-06-08,21.3,24,2.7,Power Failure,None,True,True,False,True,False,False,False,1,bfe1f80ba235b3b8,Manual Review
CLM-0130,Joshua Taylor,Washing Machine,Whirlpool,WHI-572,WH-197736,817,2024-06-12,2025-02-27,8.7,24,15.3,Motor Failure,None,True,True,True,True,False,False,False,0,df53d1641d2fb0c1,Valid Claim
CLM-0060,Monica Logan,Smartphone,Samsung,SAM-494,SA-557592,942,2024-08-19,2025-06-06,9.7,12,2.3,Overheating,None,True,True,True,True,False,False,False,0,939b6dd220266099,Valid Claim
CLM-0052,James Morgan,Washing Machine,Samsung,SAM-315,SA-934794,773,2025-02-08,2025-04-19,2.3,24,21.7,Board Defect,Authorized Center Repair,True,True,True,True,False,False,False,0,7f7f21b0784b658d,Valid Claim
CLM-0531,Shelley Miller,Laptop,HP,HP-983,HP-459315,1010,2025-03-07,2026-01-22,10.7,12,1.3,Board Defect,Authorized Center Repair,False,True,True,False,False,False,False,1,6518a0366b6a88d4,Invalid Claim
CLM-1361,Shawn Rich,Refrigerator,LG,LG-269,LG-711999,710,2024-09-10,2026-06-03,21.0,24,3.0,Screen Damage,None,True,True,True,True,False,True,False,0,DUP_HASH_REF_001,Manual Review
CLM-0678,Lisa Glenn,Refrigerator,Bosch,BOS-734,BO-576136,1251,2024-05-27,2027-05-08,35.9,24,0.0,Power Failure,Authorized Center Repair,True,True,True,True,False,False,False,0,45e2e7618b1df3fa,Invalid Claim
CLM-1281,Jennifer Schultz,Washing Machine,Samsung,SAM-161,SA-596947,971,2024-06-04,2024-11-17,5.5,24,18.5,Power Failure,None,True,True,True,False,False,False,False,0,71b95885fc7e1964,Manual Review
CLM-0940,Matthew Johnson,Refrigerator,Bosch,BOS-601,BO-237664,1735,2023-12-30,2025-12-10,23.7,24,0.3,Water Leakage,None,False,False,True,True,False,False,False,2,6e30fadf4f8017f6,Invalid Claim
CLM-0684,Ashley Wilson,Smartphone,Samsung,SAM-954,SA-963652,419,2024-10-14,2025-03-29,5.5,12,6.5,Power Failure,Unauthorized Repair,True,True,True,True,True,False,False,0,1b74a67000bdb9e5,Invalid Claim
CLM-1002,Lee Schwartz,Washing Machine,Samsung,SAM-375,SA-527288,429,2024-07-20,2024-07-15,-0.2,24,24.0,Overheating,None,True,True,True,True,False,False,True,0,6655a325f944ff73,Manual Review
CLM-0124,Linda Dodson DVM,Refrigerator,LG,LG-437,LG-436653,1182,2024-11-11,2025-03-28,4.6,24,19.4,Water Leakage,None,True,True,True,True,False,False,False,0,8f922317850499b8,Valid Claim
CLM-0362,Melissa Myers,Laptop,Dell,DEL-200,DE-881667,1625,2024-05-23,2024-12-16,6.9,12,5.1,Water Leakage,None,True,True,True,True,False,False,False,0,7da1ce0b71cc0e73,Valid Claim
CLM-1157,Mr. Gerald Rowe,Smartphone,Google,GOO-192,GO-797802,552,2024-12-06,2025-03-15,3.3,12,8.7,Board Defect,None,True,True,False,True,False,False,False,1,2e64bde3bdf48082,Manual Review
CLM-1065,Taylor York,Refrigerator,Bosch,BOS-904,BO-673206,1550,2024-06-19,2026-05-09,23.0,24,1.0,Power Failure,None,True,True,True,False,False,False,False,0,11b8275bd43bc448,Manual Review
CLM-0107,Eric Ortiz,Laptop,Lenovo,LEN-814,LE-157174,693,2025-08-25,2026-07-04,10.4,12,1.6,Screen Damage,Authorized Center Repair,True,True,True,True,False,False,False,0,7a8a057ce88bfc73,Valid Claim
CLM-1265,Christina Washington,Washing Machine,Whirlpool,WHI-307,WH-958002,1153,2024-02-11,2025-02-21,12.5,24,11.5,Screen Damage,None,True,True,True,False,False,False,False,0,7b14bee0cb58eabb,Manual Review
CLM-0226,Joshua Reed,Smartphone,Samsung,SAM-391,SA-845957,510,2025-07-29,2026-05-19,9.8,12,2.2,Motor Failure,None,True,True,True,True,False,False,False,0,bc7e71433edad941,Valid Claim
CLM-0928,Penny Anderson,Refrigerator,Bosch,BOS-230,BO-553959,1586,2024-10-10,2027-03-12,29.4,24,0.0,Water Leakage,None,True,False,True,True,False,False,False,1,1e42d00b2ca8ec93,Invalid Claim
CLM-0532,Heidi Stark,Laptop,Dell,DEL-104,DE-448787,1598,2024-09-06,2025-01-04,4.0,12,8.0,Water Leakage,Unauthorized Repair,True,False,True,True,True,False,False,1,48671b293255858b,Invalid Claim
CLM-0975,Victoria Brown,Smartphone,Google,GOO-186,GO-951266,1007,2025-06-28,2026-02-20,7.9,12,4.1,Motor Failure,Unauthorized Repair,True,True,True,False,True,False,False,0,bfccd04898907ebf,Invalid Claim
CLM-1402,Rebecca Duarte,Laptop,HP,HP-440,HP-814544,1245,2025-04-20,2025-04-10,-0.3,12,12.0,Water Leakage,None,True,True,True,True,False,False,True,0,0b197375b747b492,Manual Review
CLM-0552,Ralph Stephenson,Smartphone,Samsung,SAM-631,SA-166412,394,2025-02-19,2025-08-28,6.3,12,5.7,Overheating,None,False,True,True,False,False,False,False,1,1a343a7517cc39ae,Invalid Claim
CLM-1317,Elizabeth Ruiz,Laptop,Apple,APP-718,AP-167603,1273,2025-03-17,2025-09-25,6.4,12,5.6,Water Leakage,None,True,True,True,True,False,True,False,0,DUP_HASH_REF_001,Manual Review
CLM-1324,Susan Ward,Laptop,HP,HP-648,HP-539459,1315,2024-04-23,2025-01-24,9.2,12,2.8,Board Defect,None,True,True,False,True,False,False,False,1,0c6974367deefc7c,Manual Review
CLM-0443,Elizabeth Martin,Refrigerator,Bosch,BOS-926,BO-908903,741,2023-12-31,2024-02-29,2.0,24,22.0,Water Leakage,Authorized Center Repair,True,True,True,True,False,False,False,0,16ab97dea1631c7c,Valid Claim
CLM-1136,Tiffany Garcia,Washing Machine,LG,LG-866,LG-700426,1051,2024-09-06,2024-08-24,-0.4,24,24.0,Screen Damage,None,True,True,True,True,False,False,True,0,e3b164a3edaa568a,Manual Review
CLM-0719,Jennifer Anderson MD,Refrigerator,Samsung,SAM-133,SA-615318,1293,2023-12-28,2024-06-15,5.7,24,18.3,Water Leakage,None,False,True,True,True,False,False,False,1,d0dc5d32ab02d362,Invalid Claim
CLM-0888,Isaac Gonzalez,Washing Machine,Samsung,SAM-428,SA-618721,669,2024-09-14,2025-11-04,13.9,24,10.1,Motor Failure,Unauthorized Repair,True,False,True,False,True,False,False,1,79ad061b3cb2273b,Invalid Claim
CLM-0882,Ann Alexander,Laptop,HP,HP-794,HP-204441,660,2024-08-14,2024-10-10,1.9,12,10.1,Motor Failure,Unauthorized Repair,True,True,True,False,True,False,False,0,595cc72a6ba4dbbb,Invalid Claim
CLM-0176,Cheryl Rodgers,Smartphone,Google,GOO-182,GO-614084,521,2025-05-10,2026-01-22,8.6,12,3.4,Power Failure,None,True,True,True,True,False,False,False,0,284ac72c48eebe50,Valid Claim
CLM-0206,Kevin Walters,Smartphone,Samsung,SAM-984,SA-814220,1219,2024-04-29,2025-03-14,10.6,12,1.4,Board Defect,Authorized Center Repair,True,True,True,True,False,False,False,0,10b978d2cac0de8a,Valid Claim
CLM-0865,Michael Harris,Laptop,HP,HP-571,HP-297569,2303,2024-08-19,2025-07-29,11.5,12,0.5,Motor Failure,Unauthorized Repair,True,True,True,False,True,False,False,0,4b6b2d6b47d16c7a,Invalid Claim
CLM-1120,Samantha Prince,Refrigerator,Samsung,SAM-280,SA-307131,1977,2025-08-26,2026-06-02,9.3,24,14.7,Overheating,None,True,True,False,True,False,False,False,1,46921345890f65e8,Manual Review
CLM-0333,Mark Roberts,Refrigerator,Samsung,SAM-669,SA-720407,1640,2024-12-14,2025-07-11,7.0,24,17.0,Water Leakage,Authorized Center Repair,True,True,True,True,False,False,False,0,38df164b9fc53245,Valid Claim
CLM-0534,Carmen Bond,Smartphone,Samsung,SAM-429,SA-501936,1277,2024-12-13,2026-01-26,13.6,12,0.0,Overheating,None,True,False,True,True,False,False,False,1,0a2bc7eb4ede844c,Invalid Claim
CLM-0186,Bailey Duran DDS,Laptop,Dell,DEL-217,DE-986438,1317,2023-12-01,2024-10-10,10.5,12,1.5,Power Failure,Authorized Center Repair,True,True,True,True,False,False,False,0,76d3e2017797ef82,Valid Claim
CLM-1437,Steven Williams,Smartphone,Google,GOO-289,GO-553355,552,2024-01-05,2024-04-18,3.5,12,8.5,Screen Damage,None,True,True,True,False,False,False,False,0,843c80cd6990bd66,Manual Review
CLM-1486,Jose Mills,Laptop,Dell,DEL-986,DE-861042,1298,2025-05-22,2026-05-05,11.6,12,0.4,Water Leakage,None,True,True,False,True,False,False,False,1,691cce692a7aa93c,Manual Review
CLM-0611,Evelyn Campos,Laptop,Apple,APP-321,AP-690982,1827,2025-03-04,2025-04-12,1.3,12,10.7,Water Leakage,Unauthorized Repair,True,False,True,True,True,False,False,1,9919fa0d299e71e4,Invalid Claim
CLM-0489,Matthew Fox,Washing Machine,LG,LG-754,LG-433674,1016,2024-12-04,2026-09-21,21.9,24,2.1,Overheating,None,True,True,True,True,False,False,False,0,1fe8aa1e0761fb7c,Valid Claim
CLM-0739,Micheal Wang,Refrigerator,Samsung,SAM-523,SA-223949,503,2024-10-23,2027-07-08,32.9,24,0.0,Motor Failure,None,True,True,True,False,False,False,False,0,947aedd040be0621,Invalid Claim
CLM-1421,Susan Wallace,Smartphone,Samsung,SAM-532,SA-951138,809,2023-10-25,2024-10-15,11.9,12,0.1,Water Leakage,None,True,True,False,True,False,False,False,1,9ef2100b5fb245ae,Manual Review
CLM-1275,Matthew Hudson,Laptop,HP,HP-838,HP-254958,1255,2024-02-20,2024-10-06,7.6,12,4.4,Water Leakage,None,True,True,False,True,False,False,False,1,5f67053a49b8b1b7,Manual Review
CLM-0616,Joanne Perez,Smartphone,Google,GOO-908,GO-488368,1161,2024-04-25,2026-02-15,22.0,12,0.0,Water Leakage,Authorized Center Repair,True,True,True,False,False,False,False,0,b7bedae949216adb,Invalid Claim
CLM-1471,Jennifer Flores,Refrigerator,LG,LG-343,LG-459793,896,2024-08-26,2025-12-16,15.9,24,8.1,Screen Damage,None,True,True,True,False,False,False,False,0,6322fd1a56a76243,Manual Review
CLM-0219,Timothy Carter,Refrigerator,Samsung,SAM-331,SA-458332,938,2025-07-03,2026-12-12,17.6,24,6.4,Screen Damage,None,True,True,True,True,False,False,False,0,d2718751a137b6c1,Valid Claim
CLM-0840,Fernando Lynn,Washing Machine,Samsung,SAM-771,SA-166007,593,2023-10-21,2026-03-07,28.9,24,0.0,Board Defect,Authorized Center Repair,True,False,True,False,False,False,False,1,59fff4fb78cd05b2,Invalid Claim
CLM-0401,Matthew Garcia,Refrigerator,Samsung,SAM-675,SA-243167,1492,2024-06-19,2025-02-03,7.6,24,16.4,Overheating,Authorized Center Repair,True,True,True,True,False,False,False,0,5576423d1456684c,Valid Claim
CLM-0350,Julie Spencer,Smartphone,Apple,APP-323,AP-171269,773,2024-12-30,2025-04-16,3.6,12,8.4,Overheating,None,True,True,True,True,False,False,False,0,30a4869fbed773d0,Valid Claim
CLM-0795,Thomas Hamilton,Refrigerator,LG,LG-440,LG-918656,831,2024-09-18,2027-02-26,29.7,24,0.0,Motor Failure,None,True,False,True,False,False,False,False,1,6f69cca66ea4824d,Invalid Claim
CLM-0063,John Calhoun,Refrigerator,Bosch,BOS-512,BO-799287,1133,2023-11-09,2025-01-30,14.9,24,9.1,Board Defect,Authorized Center Repair,True,True,True,True,False,False,False,0,256f45d26013dc6f,Valid Claim
CLM-0499,Thomas Douglas,Refrigerator,Samsung,SAM-257,SA-152046,696,2025-04-02,2026-06-08,14.4,24,9.6,Motor Failure,Authorized Center Repair,True,True,True,True,False,False,False,0,f8b8463d4751d56c,Valid Claim
CLM-0570,Lindsey Russo,Washing Machine,LG,LG-393,LG-252386,790,2024-07-14,2026-08-31,25.9,24,0.0,Board Defect,None,True,False,True,True,False,False,False,1,b974e4c91b311c44,Invalid Claim
CLM-0449,Kristy Bryan,Laptop,Apple,APP-945,AP-855276,2475,2024-06-14,2024-12-24,6.4,12,5.6,Motor Failure,Authorized Center Repair,True,True,True,True,False,False,False,0,836c0b3ad42fa9b8,Valid Claim
CLM-0856,Mary Miller,Refrigerator,Bosch,BOS-329,BO-144284,1504,2024-01-21,2025-10-11,21.0,24,3.0,Motor Failure,Authorized Center Repair,False,False,True,False,False,False,False,2,a6047919898c6d00,Invalid Claim
CLM-0563,Melissa Russell,Washing Machine,Whirlpool,WHI-104,WH-717413,1088,2025-05-28,2028-02-02,32.7,24,0.0,Overheating,Authorized Center Repair,True,True,True,False,False,False,False,0,7f72049897be186d,Invalid Claim
CLM-1383,Kyle Sanchez,Smartphone,Google,GOO-589,GO-800695,1215,2024-09-03,2024-08-11,-0.8,12,12.0,Board Defect,None,True,True,True,True,False,False,True,0,17b2adbfbfe3ac0b,Manual Review
CLM-0304,Troy Mcdaniel,Smartphone,Apple,APP-681,AP-139286,892,2025-02-23,2025-03-29,1.1,12,10.9,Overheating,Authorized Center Repair,True,True,True,True,False,False,False,0,5979900e13746aa9,Valid Claim
CLM-1117,Lisa Thompson,Laptop,Apple,APP-744,AP-437260,1667,2024-08-17,2024-12-18,4.1,12,7.9,Motor Failure,None,True,True,False,True,False,False,False,1,b000db5a9308184e,Manual Review
CLM-1001,Sonya Gordon,Smartphone,Apple,APP-666,AP-163577,851,2025-02-17,2025-08-28,6.4,12,5.6,Water Leakage,None,True,True,False,True,False,False,False,1,1edcdf619dd59701,Manual Review
CLM-0049,Richard Aguirre,Refrigerator,Samsung,SAM-265,SA-449759,507,2024-12-16,2025-05-28,5.4,24,18.6,Board Defect,Authorized Center Repair,True,True,True,True,False,False,False,0,c4996af233fcb054,Valid Claim
CLM-1248,Gina Booker,Smartphone,Google,GOO-311,GO-520320,1099,2023-12-05,2024-11-09,11.3,12,0.7,Screen Damage,None,True,True,True,True,False,True,False,0,DUP_HASH_REF_001,Manual Review
CLM-0041,Tracey Hickman,Smartphone,Google,GOO-785,GO-431737,1370,2025-08-03,2026-01-13,5.4,12,6.6,Board Defect,None,True,True,True,True,False,False,False,0,2b48ac7eb58e5972,Valid Claim
CLM-0711,William Patterson,Laptop,Lenovo,LEN-668,LE-165021,2262,2024-09-02,2025-02-10,5.4,12,6.6,Power Failure,Unauthorized Repair,True,False,True,True,True,False,False,1,35442c89b3e173a7,Invalid Claim
CLM-0214,Derek Anderson,Smartphone,Samsung,SAM-167,SA-811875,992,2025-05-08,2025-07-03,1.9,12,10.1,Power Failure,Authorized Center Repair,True,True,True,True,False,False,False,0,5cb85ae27b76ebdb,Valid Claim
CLM-1009,Melissa Morris,Smartphone,Google,GOO-999,GO-970840,551,2024-02-11,2024-05-22,3.4,12,8.6,Water Leakage,None,True,True,True,True,False,True,False,0,DUP_HASH_REF_001,Manual Review
CLM-0917,Brandon Kelly,Smartphone,Samsung,SAM-186,SA-373342,573,2025-08-24,2027-07-18,23.1,12,0.0,Water Leakage,Authorized Center Repair,True,False,True,True,False,False,False,1,c57732c37d4c38f3,Invalid Claim
CLM-1224,Rebecca Austin,Washing Machine,Samsung,SAM-869,SA-676846,900,2024-03-30,2024-03-15,-0.5,24,24.0,Water Leakage,None,True,True,True,True,False,False,True,0,5c93a6de70a435e2,Manual Review
CLM-0817,April Hardin,Laptop,Lenovo,LEN-263,LE-303129,708,2023-10-11,2025-01-19,15.5,12,0.0,Board Defect,Authorized Center Repair,True,False,True,True,False,False,False,1,734f2a2060ab4e6b,Invalid Claim
CLM-0997,Jonathan Moreno,Washing Machine,LG,LG-886,LG-668096,501,2024-10-21,2027-04-05,29.9,24,0.0,Motor Failure,None,True,True,True,False,False,False,False,0,456526949b18a957,Invalid Claim
CLM-0850,Alexander Jackson,Washing Machine,Whirlpool,WHI-602,WH-809952,856,2024-10-03,2025-01-30,4.0,24,20.0,Power Failure,Unauthorized Repair,True,False,True,True,True,False,False,1,dcb47a3141bbb3c6,Invalid Claim
CLM-0341,David Thompson,Washing Machine,Whirlpool,WHI-506,WH-602184,1172,2024-03-27,2024-12-30,9.3,24,14.7,Screen Damage,None,True,True,True,True,False,False,False,0,66df22f98d33caf1,Valid Claim
CLM-0212,Julia Brown,Washing Machine,Whirlpool,WHI-824,WH-280941,1061,2025-02-17,2025-04-28,2.3,24,21.7,Water Leakage,None,True,True,True,True,False,False,False,0,92936accfe979d38,Valid Claim
CLM-1272,Luis Rice,Washing Machine,LG,LG-643,LG-258442,1019,2025-03-29,2025-10-27,7.1,24,16.9,Power Failure,None,True,True,False,True,False,False,False,1,aa8c878c68d15a43,Manual Review
CLM-0277,Sandra Gilbert,Smartphone,Apple,APP-151,AP-711680,740,2024-08-13,2025-03-11,7.0,12,5.0,Power Failure,None,True,True,True,True,False,False,False,0,abb98edfe062c4df,Valid Claim
CLM-1240,Emily Morris,Refrigerator,Samsung,SAM-233,SA-502704,1696,2024-07-24,2024-11-20,4.0,24,20.0,Board Defect,None,True,True,True,False,False,False,False,0,c4e97f444cbebaf1,Manual Review
CLM-1066,Daniel Davenport,Laptop,Dell,DEL-659,DE-174814,842,2024-01-14,2024-08-15,7.1,12,4.9,Screen Damage,None,True,True,True,False,False,False,False,0,feb90e6f46ea5e7d,Manual Review
CLM-0762,Amber Morales,Smartphone,Samsung,SAM-493,SA-350164,1146,2025-06-11,2025-11-12,5.1,12,6.9,Motor Failure,Unauthorized Repair,True,True,True,False,True,False,False,0,8bba9f5a3d339165,Invalid Claim
CLM-0141,Justin Johnson,Smartphone,Samsung,SAM-340,SA-667296,1299,2025-08-30,2025-10-17,1.6,12,10.4,Board Defect,None,True,True,True,True,False,False,False,0,3f60e2a6e1ac88f8,Valid Claim
CLM-1051,Roberto Bartlett,Refrigerator,LG,LG-918,LG-487596,991,2024-12-02,2024-11-11,-0.7,24,24.0,Overheating,None,True,True,True,True,False,False,True,0,7d4a0d54d831a23d,Manual Review
CLM-0649,Mary Kelly,Smartphone,Google,GOO-989,GO-182216,1215,2023-12-19,2024-11-27,11.5,12,0.5,Screen Damage,Authorized Center Repair,False,False,True,True,False,False,False,2,194179e737e62cdd,Invalid Claim
CLM-0788,Anna Garcia,Refrigerator,LG,LG-361,LG-783740,1750,2025-04-29,2026-05-07,12.4,24,11.6,Board Defect,Authorized Center Repair,False,False,True,True,False,False,False,2,e8dd48da7d095b10,Invalid Claim
CLM-0299,Kerry Chavez DDS,Laptop,HP,HP-753,HP-802371,703,2024-07-17,2025-05-14,10.0,12,2.0,Screen Damage,None,True,True,True,True,False,False,False,0,f3662074e3fa1bcb,Valid Claim
CLM-0830,Keith Zuniga,Washing Machine,Samsung,SAM-890,SA-419644,1085,2025-01-12,2027-09-24,32.8,24,0.0,Screen Damage,None,True,False,True,False,False,False,False,1,33b215726285008d,Invalid Claim
CLM-0639,Justin Vargas,Laptop,Dell,DEL-981,DE-938095,1676,2024-07-05,2025-04-05,9.1,12,2.9,Board Defect,None,False,False,True,False,False,False,False,2,a7fae72b300904e4,Invalid Claim
CLM-0993,Jenna Bryant,Refrigerator,Bosch,BOS-733,BO-229794,1821,2023-12-28,2025-08-21,20.1,24,3.9,Overheating,Unauthorized Repair,True,True,True,True,True,False,False,0,94eaa429ebf1a469,Invalid Claim
CLM-1346,Stephanie Mahoney,Washing Machine,LG,LG-732,LG-112098,847,2025-04-27,2025-04-22,-0.2,24,24.0,Board Defect,None,True,True,True,True,False,False,True,0,1a85d0f8cba7e823,Manual Review
CLM-0691,Michael Chen,Laptop,HP,HP-571,HP-430201,2352,2025-03-14,2026-08-27,17.7,12,0.0,Power Failure,None,True,True,True,True,False,False,False,0,ece3a8892f10daf9,Invalid Claim
CLM-0327,Tony Saunders,Laptop,HP,HP-293,HP-462974,1543,2023-10-01,2024-01-18,3.6,12,8.4,Board Defect,Authorized Center Repair,True,True,True,True,False,False,False,0,d09f037d5c16d77a,Valid Claim
CLM-0109,Megan Orr,Refrigerator,Samsung,SAM-941,SA-364742,605,2025-02-23,2026-07-27,17.3,24,6.7,Motor Failure,None,True,True,True,True,False,False,False,0,a9f0e4bd4d21020a,Valid Claim
CLM-1442,Julie Anderson,Washing Machine,Whirlpool,WHI-143,WH-789115,1066,2025-09-11,2027-07-07,22.1,24,1.9,Power Failure,None,True,True,False,True,False,False,False,1,bb6bbf1d3693f1b3,Manual Review
CLM-0033,Elizabeth Fowler,Laptop,Lenovo,LEN-927,LE-361941,1547,2023-12-17,2024-02-23,2.3,12,9.7,Overheating,Authorized Center Repair,True,True,True,True,False,False,False,0,740993493a0fd34a,Valid Claim
CLM-0564,Paul Wells,Washing Machine,Whirlpool,WHI-848,WH-979562,843,2024-05-15,2025-10-21,17.5,24,6.5,Screen Damage,Unauthorized Repair,True,True,True,True,True,False,False,0,b184fc6fb589ab79,Invalid Claim
CLM-0388,Ronald Horton,Smartphone,Apple,APP-199,AP-606384,1367,2023-10-25,2024-05-20,6.9,12,5.1,Water Leakage,Authorized Center Repair,True,True,True,True,False,False,False,0,2afeba813aba456d,Valid Claim
CLM-0926,Mrs. Amy Hayes,Washing Machine,LG,LG-787,LG-629050,659,2025-01-28,2026-03-24,14.0,24,10.0,Power Failure,Unauthorized Repair,True,False,True,False,True,False,False,1,5f459fddcd2c27ed,Invalid Claim
CLM-0329,Carl Patel,Washing Machine,LG,LG-350,LG-135207,1008,2025-04-28,2026-08-28,16.2,24,7.8,Board Defect,None,True,True,True,True,False,False,False,0,9ad867cf19022fce,Valid Claim
CLM-1318,Joshua Harris,Laptop,Apple,APP-658,AP-391897,834,2024-06-09,2025-02-26,8.7,12,3.3,Screen Damage,None,True,True,True,False,False,False,False,0,f14671b850167f21,Manual Review
CLM-0232,Vincent Rivera,Smartphone,Apple,APP-148,AP-349183,890,2023-10-24,2024-04-25,6.1,12,5.9,Screen Damage,None,True,True,True,True,False,False,False,0,9dd7921215204bc9,Valid Claim
CLM-1134,Patricia Sanders,Washing Machine,Whirlpool,WHI-358,WH-543489,593,2024-05-21,2024-12-06,6.6,24,17.4,Board Defect,None,True,True,False,True,False,False,False,1,94e86cd90db212f3,Manual Review
CLM-1003,Victor Waller,Washing Machine,LG,LG-681,LG-681652,1181,2024-04-05,2024-03-22,-0.5,24,24.0,Water Leakage,None,True,True,True,True,False,False,True,0,224a9d85e27f5a20,Manual Review
CLM-0208,Shannon Rivera,Refrigerator,Bosch,BOS-417,BO-469038,615,2024-06-01,2025-12-02,18.3,24,5.7,Water Leakage,None,True,True,True,True,False,False,False,0,c32c723b96e029d1,Valid Claim
CLM-0668,Chelsea Nguyen,Smartphone,Apple,APP-353,AP-905459,549,2025-06-07,2025-11-11,5.2,12,6.8,Board Defect,Unauthorized Repair,True,False,True,False,True,False,False,1,6f119f0c8c43fda7,Invalid Claim
CLM-0006,Abigail Shaffer,Smartphone,Apple,APP-926,AP-988662,1035,2024-04-29,2024-11-21,6.9,12,5.1,Motor Failure,Authorized Center Repair,True,True,True,True,False,False,False,0,2440ed84285af64a,Valid Claim
CLM-0695,Scott Duke,Refrigerator,LG,LG-412,LG-226395,1353,2024-12-13,2027-12-02,36.1,24,0.0,Overheating,None,True,False,True,True,False,False,False,1,a13f46da99b1b12c,Invalid Claim
CLM-0662,Christopher Moore,Washing Machine,Samsung,SAM-764,SA-351198,1040,2025-04-23,2027-02-09,21.9,24,2.1,Board Defect,Unauthorized Repair,True,False,True,False,True,False,False,1,75121f40a4215591,Invalid Claim
CLM-0106,Mary Martinez,Refrigerator,Samsung,SAM-825,SA-288158,1239,2024-06-08,2025-05-13,11.3,24,12.7,Overheating,None,True,True,True,True,False,False,False,0,389e1e04d7210176,Valid Claim
CLM-0366,Jessica Cox,Laptop,Apple,APP-424,AP-921968,2057,2023-12-07,2024-03-24,3.6,12,8.4,Power Failure,Authorized Center Repair,True,True,True,True,False,False,False,0,70db5db8ce7a63a9,Valid Claim
CLM-1201,Kevin Sheppard,Washing Machine,LG,LG-925,LG-888395,725,2025-09-24,2025-09-08,-0.5,24,24.0,Board Defect,None,True,True,True,True,False,False,True,0,3420444f29f55088,Manual Review
CLM-0937,Katherine Christensen MD,Smartphone,Samsung,SAM-861,SA-321634,564,2024-06-18,2026-06-07,24.0,12,0.0,Motor Failure,Authorized Center Repair,True,False,True,True,False,False,False,1,70132c952885394f,Invalid Claim
CLM-1073,Matthew Steele,Washing Machine,Samsung,SAM-855,SA-705561,542,2024-09-10,2025-02-18,5.4,24,18.6,Motor Failure,None,True,True,True,True,False,True,False,0,DUP_HASH_REF_001,Manual Review
CLM-1298,Lindsey Smith,Washing Machine,Whirlpool,WHI-195,WH-147899,895,2025-04-28,2025-07-16,2.6,24,21.4,Power Failure,None,True,True,True,True,False,True,False,0,DUP_HASH_REF_001,Manual Review
CLM-0044,Austin Smith,Laptop,Lenovo,LEN-478,LE-465962,871,2023-12-28,2024-03-02,2.2,12,9.8,Power Failure,None,True,True,True,True,False,False,False,0,e44c9c83b4ed4e65,Valid Claim
CLM-1381,Kimberly Smith,Washing Machine,Samsung,SAM-376,SA-821338,737,2024-10-16,2026-08-04,21.9,24,2.1,Board Defect,None,True,True,False,True,False,False,False,1,fbde47dda1bfd783,Manual Review
CLM-1228,Katherine Flores,Laptop,HP,HP-885,HP-636073,2093,2024-04-24,2024-04-11,-0.4,12,12.0,Motor Failure,None,True,True,True,True,False,False,True,0,9c4f2b7e95fbc6b8,Manual Review
CLM-1042,Patricia Robertson,Laptop,Apple,APP-972,AP-825447,2022,2025-09-02,2026-05-29,9.0,12,3.0,Overheating,None,True,True,True,True,False,True,False,0,DUP_HASH_REF_001,Manual Review
CLM-0453,Karen Ballard,Laptop,Apple,APP-850,AP-720432,1354,2025-02-05,2025-11-14,9.4,12,2.6,Overheating,None,True,True,True,True,False,False,False,0,b0e23b27e88c7fc1,Valid Claim
CLM-1032,Heather Bowers,Washing Machine,LG,LG-408,LG-941363,463,2025-05-31,2026-09-25,16.1,24,7.9,Overheating,None,True,True,True,False,False,False,False,0,b81e9d8bc0c77239,Manual Review
CLM-0276,Patrick Moore,Smartphone,Samsung,SAM-502,SA-621530,931,2024-11-18,2024-12-29,1.4,12,10.6,Overheating,None,True,True,True,True,False,False,False,0,f1a8ba30326d2e8e,Valid Claim
CLM-0927,Caroline Duran,Laptop,Dell,DEL-235,DE-288085,1788,2024-03-06,2024-06-30,3.9,12,8.1,Motor Failure,Authorized Center Repair,False,False,True,False,False,False,False,2,9a7144d00be13627,Invalid Claim
CLM-1325,Sean Banks,Laptop,Apple,APP-942,AP-826559,1326,2023-12-18,2024-11-04,10.7,12,1.3,Motor Failure,None,True,True,False,True,False,False,False,1,c30a68d15c917ca9,Manual Review
CLM-0855,Russell Elliott,Smartphone,Google,GOO-290,GO-534649,859,2024-09-21,2026-07-27,22.5,12,0.0,Water Leakage,Authorized Center Repair,True,True,True,True,False,False,False,0,054199abe987269c,Invalid Claim
CLM-1013,James Brown,Washing Machine,LG,LG-880,LG-281965,1088,2024-11-05,2026-02-01,15.1,24,8.9,Water Leakage,None,True,True,False,True,False,False,False,1,2260234a08dd32ef,Manual Review
CLM-0561,Casey Shelton,Refrigerator,Bosch,BOS-360,BO-148001,717,2025-08-09,2028-05-07,33.4,24,0.0,Overheating,None,True,False,True,True,False,False,False,1,6a8adae534dd6754,Invalid Claim
CLM-0336,Dana Chapman,Refrigerator,Bosch,BOS-675,BO-944917,795,2024-08-30,2026-01-16,16.8,24,7.2,Water Leakage,None,True,True,True,True,False,False,False,0,46c659043a497d56,Valid Claim
CLM-0165,Jamie Johnson,Refrigerator,Samsung,SAM-201,SA-566297,1408,2024-12-11,2025-09-08,9.0,24,15.0,Board Defect,Authorized Center Repair,True,True,True,True,False,False,False,0,4261c5464883e8a0,Valid Claim
CLM-1170,Mr. Johnathan Galloway,Refrigerator,LG,LG-199,LG-304568,1926,2025-07-15,2027-02-26,19.7,24,4.3,Screen Damage,None,True,True,False,True,False,False,False,1,8fd210d3a50c5a27,Manual Review
CLM-1349,Linda Hall,Laptop,Apple,APP-184,AP-373132,2177,2024-12-09,2025-02-03,1.9,12,10.1,Screen Damage,None,True,True,True,True,False,True,False,0,DUP_HASH_REF_001,Manual Review
CLM-0663,Joel Salinas,Refrigerator,LG,LG-752,LG-994940,885,2024-12-03,2027-03-26,28.1,24,0.0,Water Leakage,None,True,False,True,True,False,False,False,1,75bd4d9c0fb4f1d6,Invalid Claim
CLM-0979,Jennifer Young,Refrigerator,Samsung,SAM-686,SA-893310,597,2024-11-26,2025-05-02,5.2,24,18.8,Board Defect,Unauthorized Repair,True,False,True,False,True,False,False,1,d7d433fe3d5382bb,Invalid Claim
CLM-0868,Gabriel Hill,Refrigerator,Samsung,SAM-893,SA-236543,929,2024-12-01,2027-07-26,32.2,24,0.0,Water Leakage,None,True,True,True,True,False,False,False,0,c6f7521613a72779,Invalid Claim
CLM-0528,Jesse Zhang,Smartphone,Apple,APP-327,AP-860413,829,2024-01-07,2024-05-09,4.1,12,7.9,Power Failure,Unauthorized Repair,True,False,True,True,True,False,False,1,f37ca307f98cb1a9,Invalid Claim
CLM-1098,Kellie Bennett,Refrigerator,Samsung,SAM-135,SA-475481,1402,2025-08-23,2025-07-27,-0.9,24,24.0,Board Defect,None,True,True,True,True,False,False,True,0,0c09e81f2f9283aa,Manual Review
CLM-0429,Chad Jones,Laptop,Dell,DEL-539,DE-865470,1807,2024-10-11,2025-05-25,7.5,12,4.5,Power Failure,Authorized Center Repair,True,True,True,True,False,False,False,0,80eee96ca83f93a5,Valid Claim
CLM-1441,Rhonda Miller,Refrigerator,LG,LG-694,LG-691616,746,2025-04-01,2026-06-03,14.3,24,9.7,Power Failure,None,True,True,True,False,False,False,False,0,9cd5bd3432b3b778,Manual Review
CLM-0134,Spencer Johnston,Refrigerator,Samsung,SAM-986,SA-861319,1079,2025-03-19,2026-02-17,11.2,24,12.8,Screen Damage,Authorized Center Repair,True,True,True,True,False,False,False,0,d3d54dbf09ac8b3f,Valid Claim
CLM-1304,Patrick Kelley,Refrigerator,LG,LG-738,LG-455488,768,2023-11-29,2024-10-21,10.9,24,13.1,Water Leakage,None,True,True,True,True,False,True,False,0,DUP_HASH_REF_001,Manual Review
CLM-1363,Phillip Estes,Washing Machine,Whirlpool,WHI-482,WH-550167,792,2024-12-02,2025-07-24,7.8,24,16.2,Board Defect,None,True,True,True,True,False,True,False,0,DUP_HASH_REF_001,Manual Review
CLM-0114,Diane Beck,Washing Machine,LG,LG-260,LG-282256,645,2024-02-04,2025-09-21,19.8,24,4.2,Motor Failure,None,True,True,True,True,False,False,False,0,304d983b2575d9a1,Valid Claim
CLM-0860,Karen Miller,Refrigerator,Bosch,BOS-572,BO-118397,1678,2024-12-13,2025-06-27,6.5,24,17.5,Board Defect,None,False,True,True,False,False,False,False,1,ba65cd42f051ff53,Invalid Claim
CLM-1328,Walter Castro,Washing Machine,Whirlpool,WHI-561,WH-375568,816,2024-02-17,2025-09-02,18.8,24,5.2,Screen Damage,None,True,True,True,False,False,False,False,0,a353827f26f8905b,Manual Review
CLM-0405,Mike Acevedo,Refrigerator,Bosch,BOS-659,BO-668373,1251,2025-06-17,2025-08-28,2.4,24,21.6,Screen Damage,Authorized Center Repair,True,True,True,True,False,False,False,0,54334289d94d2928,Valid Claim
CLM-0950,Elizabeth Williams,Smartphone,Google,GOO-733,GO-789666,1129,2024-06-30,2025-06-03,11.3,12,0.7,Overheating,Unauthorized Repair,True,False,True,False,True,False,False,1,fde51f26179cfc4e,Invalid Claim
CLM-1144,Dakota Sandoval,Washing Machine,LG,LG-199,LG-888318,672,2024-10-13,2024-11-19,1.2,24,22.8,Screen Damage,None,True,True,True,False,False,False,False,0,9a2120390a8edfe3,Manual Review
CLM-0348,Anthony Decker,Refrigerator,Samsung,SAM-288,SA-855303,786,2024-09-18,2026-04-30,19.6,24,4.4,Overheating,Authorized Center Repair,True,True,True,True,False,False,False,0,71646b7be31a9341,Valid Claim
CLM-0461,Garrett Lane,Washing Machine,LG,LG-421,LG-272359,508,2025-08-26,2026-12-29,16.3,24,7.7,Water Leakage,Authorized Center Repair,True,True,True,True,False,False,False,0,99545c91d8a10fd3,Valid Claim
CLM-0086,Timothy Stanton,Refrigerator,Samsung,SAM-458,SA-120324,1463,2024-05-22,2025-12-25,19.4,24,4.6,Screen Damage,None,True,True,True,True,False,False,False,0,15f893d247d78f75,Valid Claim
CLM-1440,Emily Roth,Smartphone,Samsung,SAM-251,SA-586501,519,2024-09-06,2025-05-07,8.1,12,3.9,Motor Failure,None,True,True,False,True,False,False,False,1,77f552d28ea0e3b6,Manual Review
CLM-0769,Ryan Wiley,Washing Machine,Samsung,SAM-986,SA-155708,962,2024-11-19,2027-09-21,34.5,24,0.0,Motor Failure,Authorized Center Repair,True,True,True,False,False,False,False,0,33aea1e97984faad,Invalid Claim
CLM-0547,Cameron Irwin,Refrigerator,Bosch,BOS-109,BO-546688,1140,2024-11-16,2025-04-13,4.9,24,19.1,Screen Damage,Unauthorized Repair,True,True,True,True,True,False,False,0,43a561e1438397dd,Invalid Claim
CLM-0035,Tamara George,Laptop,Apple,APP-160,AP-604740,1594,2025-05-22,2025-10-08,4.6,12,7.4,Screen Damage,Authorized Center Repair,True,True,True,True,False,False,False,0,e07ffbbdb39916f9,Valid Claim
CLM-0078,Larry Robbins,Refrigerator,Bosch,BOS-952,BO-535970,1454,2024-01-24,2024-04-26,3.1,24,20.9,Water Leakage,None,True,True,True,True,False,False,False,0,7e5b313ee58df7e2,Valid Claim
CLM-0721,Breanna Ayala,Smartphone,Google,GOO-894,GO-821276,1303,2024-07-07,2025-03-28,8.8,12,3.2,Motor Failure,None,False,False,True,False,False,False,False,2,61ab4ada6f51e088,Invalid Claim
CLM-0790,Rodney Watson,Laptop,Lenovo,LEN-521,LE-111091,1721,2024-03-16,2024-04-19,1.1,12,10.9,Motor Failure,Unauthorized Repair,True,True,True,True,True,False,False,0,23eebdebf14109e0,Invalid Claim
CLM-1023,Sandra Pruitt,Smartphone,Apple,APP-542,AP-772101,1174,2025-07-25,2025-09-19,1.9,12,10.1,Water Leakage,None,True,True,True,True,False,True,False,0,DUP_HASH_REF_001,Manual Review
CLM-0889,Kathy Reid,Washing Machine,Whirlpool,WHI-199,WH-234425,446,2024-07-08,2025-07-30,12.9,24,11.1,Water Leakage,None,False,False,True,False,False,False,False,2,4fa237c0b254c1e4,Invalid Claim
CLM-0811,Sarah Thompson,Laptop,Lenovo,LEN-666,LE-226610,729,2025-09-21,2026-01-01,3.4,12,8.6,Screen Damage,Authorized Center Repair,False,True,True,False,False,False,False,1,9911c5c3b2428453,Invalid Claim
CLM-0573,Timothy Hayden,Refrigerator,Bosch,BOS-949,BO-113595,610,2025-09-01,2026-06-15,9.6,24,14.4,Screen Damage,Unauthorized Repair,True,True,True,False,True,False,False,0,53bb50a6aee7e850,Invalid Claim
CLM-1387,Thomas Williams,Laptop,Apple,APP-878,AP-456987,814,2025-01-06,2025-05-22,4.5,12,7.5,Power Failure,None,True,True,True,True,False,True,False,0,DUP_HASH_REF_001,Manual Review
CLM-1221,Jason Castro,Smartphone,Apple,APP-467,AP-470920,586,2024-11-24,2025-08-03,8.4,12,3.6,Board Defect,None,True,True,True,False,False,False,False,0,abd1555fd2c7d35f,Manual Review
CLM-1461,Robert Clay,Smartphone,Google,GOO-176,GO-171253,1032,2023-11-12,2024-03-01,3.7,12,8.3,Overheating,None,True,True,True,True,False,True,False,0,DUP_HASH_REF_001,Manual Review
CLM-0835,Michelle Williams,Laptop,HP,HP-164,HP-469844,1256,2024-04-12,2025-01-24,9.6,12,2.4,Power Failure,Authorized Center Repair,False,False,True,True,False,False,False,2,02c8b1487e4c6630,Invalid Claim
CLM-0557,Thomas Johnston,Washing Machine,Samsung,SAM-670,SA-785111,1163,2024-05-07,2026-07-18,26.7,24,0.0,Overheating,Authorized Center Repair,True,False,True,True,False,False,False,1,f44f06caefcd0322,Invalid Claim
CLM-0098,William Herrera,Laptop,Apple,APP-386,AP-472060,1034,2024-10-25,2025-04-05,5.4,12,6.6,Overheating,Authorized Center Repair,True,True,True,True,False,False,False,0,27b243815aa15901,Valid Claim
CLM-0411,Jeremiah Huber,Washing Machine,LG,LG-383,LG-923856,1168,2025-08-16,2026-11-10,15.0,24,9.0,Board Defect,None,True,True,True,True,False,False,False,0,9a9cd9809dcb0172,Valid Claim
CLM-1236,James Smith,Refrigerator,Samsung,SAM-541,SA-594988,1084,2025-07-10,2026-05-22,10.5,24,13.5,Screen Damage,None,True,True,True,False,False,False,False,0,2fd1c8cb6b394cbe,Manual Review
CLM-0385,Jonathan Young,Washing Machine,LG,LG-556,LG-371306,500,2024-08-13,2025-04-27,8.6,24,15.4,Power Failure,None,True,True,True,True,False,False,False,0,563ff94e20d988da,Valid Claim
CLM-0026,Christopher Becker,Washing Machine,LG,LG-702,LG-167136,630,2023-12-20,2024-12-30,12.5,24,11.5,Overheating,None,True,True,True,True,False,False,False,0,7d35ccfad01afc77,Valid Claim
CLM-0491,Raymond Le,Laptop,Dell,DEL-111,DE-843404,2282,2024-11-23,2025-06-12,6.7,12,5.3,Power Failure,Authorized Center Repair,True,True,True,True,False,False,False,0,f9ae2a9a2d119116,Valid Claim
CLM-1246,Melissa Barker,Laptop,Lenovo,LEN-934,LE-693677,693,2023-10-28,2023-09-30,-0.9,12,12.0,Water Leakage,None,True,True,True,True,False,False,True,0,3cbcc3c1c917a52d,Manual Review
CLM-0218,Julia Wilson,Laptop,Dell,DEL-118,DE-803024,1923,2025-07-10,2026-03-13,8.2,12,3.8,Power Failure,Authorized Center Repair,True,True,True,True,False,False,False,0,bc65ba367a34c378,Valid Claim
CLM-0463,Mr. Alexander Landry MD,Refrigerator,Samsung,SAM-320,SA-265271,685,2024-09-22,2025-08-29,11.4,24,12.6,Power Failure,None,True,True,True,True,False,False,False,0,83439441a04eba95,Valid Claim
CLM-0550,Gregory Hill,Washing Machine,LG,LG-921,LG-861697,1112,2024-03-22,2026-07-01,27.7,24,0.0,Overheating,None,True,False,True,False,False,False,False,1,55b4e9b1dc7903fe,Invalid Claim
CLM-0603,Mr. Richard Knight PhD,Laptop,Apple,APP-478,AP-142383,1334,2023-11-29,2025-08-29,21.3,12,0.0,Screen Damage,None,True,True,True,False,False,False,False,0,a47286b04cd29de4,Invalid Claim
CLM-0800,Douglas Taylor,Smartphone,Samsung,SAM-493,SA-523533,1193,2024-10-02,2024-12-06,2.2,12,9.8,Board Defect,Unauthorized Repair,True,True,True,True,True,False,False,0,00bff0e8bdf04043,Invalid Claim
CLM-0510,Stephen Thompson,Washing Machine,LG,LG-492,LG-917411,976,2025-09-10,2028-02-23,29.9,24,0.0,Board Defect,Authorized Center Repair,True,False,True,False,False,False,False,1,5948cd4bb01a1629,Invalid Claim
CLM-1405,Eric Pierce,Washing Machine,Samsung,SAM-938,SA-595523,653,2025-05-31,2025-10-20,4.7,24,19.3,Motor Failure,None,True,True,True,False,False,False,False,0,fae6ee67b2640ddb,Manual Review
CLM-1084,Yvonne Kennedy,Smartphone,Apple,APP-382,AP-716029,935,2024-04-15,2024-08-26,4.4,12,7.6,Screen Damage,None,True,True,False,True,False,False,False,1,fde11e114b18ce51,Manual Review
CLM-0083,Kristina Rodriguez,Washing Machine,Samsung,SAM-758,SA-691807,1006,2024-11-27,2025-01-23,1.9,24,22.1,Water Leakage,None,True,True,True,True,False,False,False,0,482c688af86007b6,Valid Claim
CLM-0626,Misty Hansen,Smartphone,Samsung,SAM-134,SA-311505,321,2024-07-23,2025-05-14,9.8,12,2.2,Overheating,Unauthorized Repair,True,False,True,True,True,False,False,1,ac8e604e709b0e32,Invalid Claim
CLM-1303,James Anderson,Laptop,HP,HP-628,HP-814562,2253,2024-08-26,2024-08-05,-0.7,12,12.0,Board Defect,None,True,True,True,True,False,False,True,0,631c226d812f0c75,Manual Review
CLM-0225,Lauren Keller,Smartphone,Apple,APP-153,AP-940181,708,2024-05-14,2024-08-22,3.3,12,8.7,Board Defect,Authorized Center Repair,True,True,True,True,False,False,False,0,18c6b968a828fd9e,Valid Claim
CLM-1199,Eddie Adams,Washing Machine,LG,LG-197,LG-652049,579,2024-05-26,2025-05-04,11.4,24,12.6,Overheating,None,True,True,False,True,False,False,False,1,54d5a85749d60813,Manual Review
CLM-0435,Cynthia Snyder,Laptop,Apple,APP-114,AP-176537,2177,2024-02-29,2024-04-07,1.3,12,10.7,Power Failure,None,True,True,True,True,False,False,False,0,9c6e494096648cfb,Valid Claim
CLM-0490,Julia Patel,Washing Machine,Samsung,SAM-455,SA-447255,544,2024-05-26,2024-09-12,3.6,24,20.4,Power Failure,None,True,True,True,True,False,False,False,0,5e54a44febe77fa0,Valid Claim
CLM-1399,Kathleen Morton,Smartphone,Samsung,SAM-607,SA-206225,1104,2024-11-02,2025-03-24,4.7,12,7.3,Screen Damage,None,True,True,True,True,False,True,False,0,DUP_HASH_REF_001,Manual Review
CLM-0382,Christopher Cole,Smartphone,Google,GOO-909,GO-825309,1337,2024-05-04,2025-01-03,8.1,12,3.9,Power Failure,None,True,True,True,True,False,False,False,0,14dc5dafe058222c,Valid Claim
CLM-0967,Lisa Huffman,Washing Machine,LG,LG-850,LG-264660,770,2024-07-16,2025-06-10,11.0,24,13.0,Motor Failure,Unauthorized Repair,True,False,True,False,True,False,False,1,9cab8283a75728b0,Invalid Claim
CLM-1453,Christopher Olson,Washing Machine,Whirlpool,WHI-358,WH-495972,860,2025-01-20,2025-01-09,-0.4,24,24.0,Water Leakage,None,True,True,True,True,False,False,True,0,e3ca864910e2ea26,Manual Review
CLM-0192,Jerry Wheeler,Laptop,Dell,DEL-777,DE-185544,1980,2024-01-25,2024-07-12,5.6,12,6.4,Water Leakage,Authorized Center Repair,True,True,True,True,False,False,False,0,d53962b94ab250d0,Valid Claim
CLM-0335,Michael Cox,Smartphone,Apple,APP-346,AP-494747,914,2025-01-18,2025-05-22,4.1,12,7.9,Screen Damage,Authorized Center Repair,True,True,True,True,False,False,False,0,9ec17707553c18f7,Valid Claim
CLM-0893,Dominique Hughes,Refrigerator,Bosch,BOS-614,BO-947591,700,2025-07-02,2025-11-11,4.4,24,19.6,Board Defect,None,False,False,True,False,False,False,False,2,d1b1c8816eb50961,Invalid Claim
CLM-1489,Stephanie Nichols,Refrigerator,Samsung,SAM-445,SA-908807,1011,2024-05-25,2025-12-31,19.5,24,4.5,Overheating,None,True,True,True,True,False,True,False,0,DUP_HASH_REF_001,Manual Review
CLM-1271,Jennifer Wood,Laptop,Dell,DEL-221,DE-474664,1177,2025-04-25,2025-07-03,2.3,12,9.7,Power Failure,None,True,True,True,True,False,True,False,0,DUP_HASH_REF_001,Manual Review
CLM-1382,Daniel Keller MD,Laptop,HP,HP-982,HP-583072,1794,2025-08-11,2025-07-27,-0.5,12,12.0,Screen Damage,None,True,True,True,True,False,False,True,0,40985f4aaeabd386,Manual Review
CLM-0228,Michael Armstrong,Smartphone,Samsung,SAM-614,SA-535050,354,2025-08-01,2025-09-27,1.9,12,10.1,Power Failure,Authorized Center Repair,True,True,True,True,False,False,False,0,9630de7ac6b6686b,Valid Claim
CLM-0216,Cynthia Moore,Laptop,Lenovo,LEN-417,LE-711046,766,2025-01-27,2025-05-09,3.4,12,8.6,Board Defect,Authorized Center Repair,True,True,True,True,False,False,False,0,dfe698864979ac8e,Valid Claim
CLM-0502,Dana Santiago,Smartphone,Samsung,SAM-479,SA-195563,842,2025-04-23,2026-02-25,10.3,12,1.7,Water Leakage,Unauthorized Repair,True,False,True,True,True,False,False,1,3910706dfe9967a9,Invalid Claim
CLM-0529,Joshua Ruiz,Laptop,Lenovo,LEN-971,LE-926372,1461,2024-07-12,2025-02-17,7.3,12,4.7,Motor Failure,Authorized Center Repair,False,False,True,False,False,False,False,2,121b0ef8f67e1576,Invalid Claim
CLM-0046,Austin Johnson,Refrigerator,Bosch,BOS-209,BO-240814,712,2025-01-28,2025-11-24,10.0,24,14.0,Board Defect,None,True,True,True,True,False,False,False,0,910c732e4dd2a77f,Valid Claim
CLM-0640,Randall Johnson,Laptop,Apple,APP-112,AP-832162,846,2024-11-22,2025-08-14,8.8,12,3.2,Board Defect,Unauthorized Repair,True,False,True,True,True,False,False,1,915b8c792ddd12d2,Invalid Claim
CLM-0909,Mary Bright,Washing Machine,Samsung,SAM-586,SA-544366,958,2024-01-12,2024-10-20,9.4,24,14.6,Board Defect,Authorized Center Repair,False,True,True,False,False,False,False,1,73baa9e9ecf0921d,Invalid Claim
CLM-1049,Allison Love,Refrigerator,Bosch,BOS-280,BO-287214,1003,2025-04-28,2025-12-14,7.7,24,16.3,Power Failure,None,True,True,True,False,False,False,False,0,a698eb44ef93d338,Manual Review
CLM-0606,Melinda Ramirez,Smartphone,Samsung,SAM-936,SA-641760,459,2023-11-01,2024-06-10,7.4,12,4.6,Power Failure,None,False,False,True,False,False,False,False,2,55eb3aabf88dda8a,Invalid Claim
CLM-0509,Sarah Johnson,Refrigerator,LG,LG-253,LG-580412,1564,2024-11-14,2027-10-19,35.6,24,0.0,Screen Damage,Authorized Center Repair,True,True,True,False,False,False,False,0,91d6f3b7ad7c1e3f,Invalid Claim
CLM-0567,Jasmine Scott,Refrigerator,Bosch,BOS-314,BO-429159,1621,2024-12-01,2026-07-20,19.9,24,4.1,Overheating,Unauthorized Repair,True,True,True,True,True,False,False,0,a9160a68af3decb5,Invalid Claim
CLM-0740,Angela Herrera,Refrigerator,LG,LG-806,LG-945197,1647,2024-08-20,2025-04-24,8.2,24,15.8,Power Failure,Unauthorized Repair,True,True,True,True,True,False,False,0,17f5d738ca260779,Invalid Claim
CLM-0051,Nicholas Nunez,Laptop,Dell,DEL-540,DE-487151,2309,2024-08-10,2025-07-04,10.9,12,1.1,Screen Damage,None,True,True,True,True,False,False,False,0,1d7f073b8ffc7d0e,Valid Claim
CLM-0709,Amber Sims,Washing Machine,LG,LG-642,LG-624970,603,2025-03-09,2026-11-03,20.1,24,3.9,Power Failure,None,False,True,True,True,False,False,False,1,5fe67c874470db16,Invalid Claim
CLM-0707,Frank Campbell MD,Washing Machine,Samsung,SAM-119,SA-384489,1076,2024-03-08,2026-02-11,23.5,24,0.5,Power Failure,Unauthorized Repair,True,False,True,True,True,False,False,1,0b8fda9e0c428f59,Invalid Claim
CLM-0698,Brandi Thomas,Washing Machine,Samsung,SAM-508,SA-881519,985,2024-01-02,2026-10-28,34.3,24,0.0,Overheating,Authorized Center Repair,True,False,True,True,False,False,False,1,169c22d91b9a8df4,Invalid Claim
CLM-0066,Steve Sanchez,Smartphone,Google,GOO-791,GO-587575,959,2024-08-04,2025-04-17,8.5,12,3.5,Screen Damage,Authorized Center Repair,True,True,True,True,False,False,False,0,1a1f6e8dbc2ac198,Valid Claim
CLM-0991,Charles Love,Refrigerator,Samsung,SAM-504,SA-796781,1779,2025-08-22,2026-11-14,15.0,24,9.0,Power Failure,Unauthorized Repair,True,False,True,True,True,False,False,1,3078a4ee0b50d364,Invalid Claim
CLM-0968,Valerie Anderson,Laptop,Lenovo,LEN-887,LE-958952,1285,2025-08-09,2026-11-04,15.1,12,0.0,Motor Failure,None,True,False,True,False,False,False,False,1,392479db46936017,Invalid Claim
CLM-0471,Brent Brooks,Smartphone,Apple,APP-386,AP-325146,1024,2023-12-27,2024-04-30,4.2,12,7.8,Water Leakage,Authorized Center Repair,True,True,True,True,False,False,False,0,d97f7be7ceb6b05b,Valid Claim
CLM-0028,Juan Dunlap,Refrigerator,Samsung,SAM-319,SA-349565,1552,2024-11-09,2025-09-20,10.5,24,13.5,Overheating,Authorized Center Repair,True,True,True,True,False,False,False,0,18b5e095608a4bf4,Valid Claim
CLM-0386,Alfred Galvan,Smartphone,Samsung,SAM-594,SA-258067,1324,2023-11-28,2024-06-21,6.9,12,5.1,Motor Failure,None,True,True,True,True,False,False,False,0,64eda8afad951298,Valid Claim
CLM-0694,William Carter,Washing Machine,Whirlpool,WHI-889,WH-414985,1057,2024-11-17,2027-09-28,34.8,24,0.0,Power Failure,Authorized Center Repair,True,True,True,True,False,False,False,0,d392e30c8182dd3c,Invalid Claim
CLM-0419,Angela Walsh,Smartphone,Apple,APP-567,AP-999312,554,2025-06-01,2025-09-19,3.7,12,8.3,Motor Failure,Authorized Center Repair,True,True,True,True,False,False,False,0,04c50999d3460fc6,Valid Claim
CLM-1490,Jose Harrison,Smartphone,Apple,APP-901,AP-479264,861,2023-10-04,2024-03-19,5.6,12,6.4,Board Defect,None,True,True,True,True,False,True,False,0,DUP_HASH_REF_001,Manual Review
CLM-0169,Katherine Chang,Laptop,HP,HP-907,HP-344316,2265,2024-03-31,2024-10-15,6.6,12,5.4,Overheating,None,True,True,True,True,False,False,False,0,e07e8fa97ddcfe83,Valid Claim
CLM-0170,Michael West,Washing Machine,Samsung,SAM-917,SA-236306,548,2025-03-15,2026-10-19,19.4,24,4.6,Screen Damage,Authorized Center Repair,True,True,True,True,False,False,False,0,65dd0386ad88f3e4,Valid Claim
CLM-0447,Caroline David,Washing Machine,LG,LG-472,LG-356430,412,2023-12-07,2024-02-22,2.6,24,21.4,Water Leakage,Authorized Center Repair,True,True,True,True,False,False,False,0,abbb427ddb1721c6,Valid Claim
CLM-1499,Jeremy Morton,Refrigerator,Samsung,SAM-623,SA-631562,658,2025-04-21,2026-08-18,16.1,24,7.9,Motor Failure,None,True,True,True,False,False,False,False,0,e1251c9e23c1315a,Manual Review
CLM-0272,Susan Turner,Refrigerator,Bosch,BOS-627,BO-518084,1207,2025-01-31,2025-07-13,5.4,24,18.6,Overheating,Authorized Center Repair,True,True,True,True,False,False,False,0,d4c1026088bf722d,Valid Claim
CLM-1403,Gregory Shaffer,Laptop,Dell,DEL-121,DE-597654,1964,2024-08-12,2025-04-18,8.3,12,3.7,Screen Damage,None,True,True,True,True,False,True,False,0,DUP_HASH_REF_001,Manual Review
CLM-0822,Brian Turner,Washing Machine,Samsung,SAM-282,SA-607938,999,2025-02-21,2027-10-22,32.4,24,0.0,Water Leakage,None,True,True,True,False,False,False,False,0,3430d2421ebb6b6a,Invalid Claim
CLM-0508,Ann Andrews,Laptop,HP,HP-669,HP-723952,2308,2023-11-10,2024-05-21,6.4,12,5.6,Water Leakage,None,False,True,True,False,False,False,False,1,d1f5c7de19eb36b3,Invalid Claim
CLM-1264,Amanda Pace,Washing Machine,Samsung,SAM-911,SA-757860,546,2024-11-05,2026-08-11,21.5,24,2.5,Motor Failure,None,True,True,True,False,False,False,False,0,42f0664cd88e1bce,Manual Review
CLM-1071,Michael Young,Smartphone,Google,GOO-966,GO-457207,1244,2024-06-08,2024-08-20,2.4,12,9.6,Screen Damage,None,True,True,True,True,False,True,False,0,DUP_HASH_REF_001,Manual Review
CLM-0642,Andrea Abbott,Smartphone,Google,GOO-817,GO-483699,1002,2024-05-09,2026-02-13,21.5,12,0.0,Power Failure,Authorized Center Repair,True,True,True,False,False,False,False,0,fed9fbd2c9259c32,Invalid Claim
CLM-0293,Amanda Logan,Smartphone,Google,GOO-724,GO-672808,1001,2024-03-16,2024-10-13,7.0,12,5.0,Water Leakage,Authorized Center Repair,True,True,True,True,False,False,False,0,a46f05635e018f49,Valid Claim
CLM-0015,Henry Santiago,Refrigerator,Bosch,BOS-470,BO-549245,1697,2024-07-05,2026-03-24,20.9,24,3.1,Screen Damage,Authorized Center Repair,True,True,True,True,False,False,False,0,2470067af1bfd1aa,Valid Claim
CLM-1094,Anthony Hooper,Refrigerator,Samsung,SAM-596,SA-243110,1952,2025-09-07,2026-09-06,12.1,24,11.9,Water Leakage,None,True,True,False,True,False,False,False,1,5fcc845ba916b564,Manual Review
CLM-0879,Ryan Garrison,Washing Machine,Whirlpool,WHI-225,WH-167853,572,2024-05-18,2025-01-06,7.8,24,16.2,Screen Damage,Authorized Center Repair,False,True,True,False,False,False,False,1,54d373b4676a5447,Invalid Claim
CLM-1457,Ashley Carlson,Smartphone,Apple,APP-465,AP-698076,724,2024-12-14,2025-09-12,9.1,12,2.9,Overheating,None,True,True,True,True,False,True,False,0,DUP_HASH_REF_001,Manual Review
CLM-1495,Lori Mitchell,Refrigerator,LG,LG-278,LG-618970,1031,2024-05-09,2024-04-14,-0.8,24,24.0,Screen Damage,None,True,True,True,True,False,False,True,0,f1d048ca616bf2ff,Manual Review
CLM-0263,Terry Coffey,Smartphone,Google,GOO-411,GO-971776,413,2024-04-12,2024-07-14,3.1,12,8.9,Screen Damage,None,True,True,True,True,False,False,False,0,759a4c495b69edb1,Valid Claim
CLM-0676,Mr. Thomas Arias,Laptop,Lenovo,LEN-680,LE-141406,2440,2024-02-17,2024-10-28,8.5,12,3.5,Screen Damage,Authorized Center Repair,False,False,True,True,False,False,False,2,4b3f0f7b6d80815a,Invalid Claim
CLM-0995,Sara Chapman,Laptop,HP,HP-511,HP-839893,2299,2023-11-01,2024-07-15,8.6,12,3.4,Overheating,Unauthorized Repair,True,True,True,False,True,False,False,0,fd0969813c1576e4,Invalid Claim
CLM-0858,Sara Cardenas,Refrigerator,LG,LG-222,LG-615780,867,2024-03-20,2026-02-08,23.0,24,1.0,Power Failure,Unauthorized Repair,True,True,True,True,True,False,False,0,016d93b90fd2b7f6,Invalid Claim
CLM-0920,Mark Carpenter,Laptop,Dell,DEL-891,DE-278386,1353,2024-09-25,2024-12-24,3.0,12,9.0,Water Leakage,Unauthorized Repair,True,True,True,False,True,False,False,0,1c2150ea897ef0a9,Invalid Claim
CLM-0601,Anna Gray,Smartphone,Google,GOO-613,GO-483588,604,2025-02-11,2025-07-05,4.8,12,7.2,Overheating,Authorized Center Repair,False,True,True,False,False,False,False,1,b9e2802433651eae,Invalid Claim
CLM-0054,Donald Wright,Laptop,HP,HP-125,HP-270395,2370,2024-01-12,2024-05-11,4.0,12,8.0,Screen Damage,Authorized Center Repair,True,True,True,True,False,False,False,0,7a471a8cdbf9bd36,Valid Claim
CLM-0016,Maria Lynch,Laptop,Apple,APP-256,AP-892495,786,2025-03-24,2025-05-17,1.8,12,10.2,Board Defect,None,True,True,True,True,False,False,False,0,d794aa6fff5a43d3,Valid Claim
CLM-0142,Sean White,Refrigerator,Samsung,SAM-554,SA-555052,685,2025-02-06,2025-06-16,4.3,24,19.7,Screen Damage,None,True,True,True,True,False,False,False,0,ed4172cf6c5e66c4,Valid Claim
CLM-1469,April Castro,Washing Machine,Whirlpool,WHI-812,WH-154673,893,2024-11-25,2026-01-25,14.2,24,9.8,Screen Damage,None,True,True,False,True,False,False,False,1,f8eec479922112eb,Manual Review
CLM-0760,Roger Duncan,Washing Machine,LG,LG-886,LG-218370,886,2025-04-07,2026-09-09,17.3,24,6.7,Power Failure,Authorized Center Repair,False,True,True,False,False,False,False,1,1b050a7226792a27,Invalid Claim
CLM-1319,Kimberly Dean,Smartphone,Apple,APP-715,AP-435740,737,2024-11-05,2025-09-21,10.7,12,1.3,Water Leakage,None,True,True,True,False,False,False,False,0,d7f4baf5c9994906,Manual Review
CLM-1140,Anita Baker,Washing Machine,Samsung,SAM-160,SA-953929,980,2025-09-14,2025-09-03,-0.4,24,24.0,Board Defect,None,True,True,True,True,False,False,True,0,cdec2b74af229122,Manual Review
CLM-0032,Pamela Romero,Refrigerator,Samsung,SAM-243,SA-300896,1009,2024-04-17,2024-11-27,7.5,24,16.5,Water Leakage,Authorized Center Repair,True,True,True,True,False,False,False,0,7e1ab1373276812b,Valid Claim
CLM-0617,Jessica Frazier,Refrigerator,Bosch,BOS-884,BO-704106,1926,2024-11-28,2027-07-23,32.2,24,0.0,Screen Damage,None,True,False,True,False,False,False,False,1,89c91123edfb240b,Invalid Claim
CLM-0747,Casey Smith,Laptop,Lenovo,LEN-483,LE-969749,1525,2025-04-24,2025-09-11,4.7,12,7.3,Motor Failure,Authorized Center Repair,False,True,True,True,False,False,False,1,d58fbfbf762f129c,Invalid Claim
CLM-0111,Jeffrey Carpenter,Refrigerator,Samsung,SAM-720,SA-224205,1008,2024-05-19,2026-01-10,20.0,24,4.0,Overheating,Authorized Center Repair,True,True,True,True,False,False,False,0,ffce160c1e6efe08,Valid Claim
CLM-0794,Erin Williams,Refrigerator,LG,LG-808,LG-792561,1456,2025-07-15,2028-06-26,35.9,24,0.0,Board Defect,Authorized Center Repair,True,False,True,False,False,False,False,1,3b191bc1825e0ce9,Invalid Claim
CLM-0076,Matthew Mcmillan,Refrigerator,Samsung,SAM-241,SA-452161,1056,2024-11-29,2025-11-21,11.9,24,12.1,Screen Damage,None,True,True,True,True,False,False,False,0,faccee77918292d1,Valid Claim
CLM-0457,James Hodges,Laptop,Apple,APP-694,AP-490586,2035,2025-07-25,2026-04-15,8.8,12,3.2,Motor Failure,None,True,True,True,True,False,False,False,0,aa61ebb2e8da5f23,Valid Claim
CLM-1263,Martin Rodriguez,Washing Machine,LG,LG-235,LG-900530,413,2024-05-02,2026-03-22,23.0,24,1.0,Screen Damage,None,True,True,True,False,False,False,False,0,7de8c0528ef6e1a6,Manual Review
CLM-1472,Jeffrey Clark,Washing Machine,Whirlpool,WHI-921,WH-338158,410,2024-07-19,2025-10-14,15.1,24,8.9,Motor Failure,None,True,True,True,False,False,False,False,0,35231b7e7dee1a38,Manual Review
CLM-1218,Joseph Watts,Washing Machine,Whirlpool,WHI-599,WH-261177,926,2024-06-19,2025-09-12,15.0,24,9.0,Motor Failure,None,True,True,True,False,False,False,False,0,4e92a49b450c03fd,Manual Review
CLM-0464,Harry Williams,Laptop,Dell,DEL-625,DE-360276,2056,2024-03-30,2024-10-28,7.1,12,4.9,Motor Failure,Authorized Center Repair,True,True,True,True,False,False,False,0,eb8f72becb93c843,Valid Claim
CLM-0279,David Cox,Smartphone,Apple,APP-474,AP-862847,841,2024-09-04,2025-04-09,7.2,12,4.8,Motor Failure,Authorized Center Repair,True,True,True,True,False,False,False,0,fe080aba6ce0fb8a,Valid Claim
CLM-0115,Robert Potter,Smartphone,Samsung,SAM-395,SA-405407,1262,2025-01-18,2025-03-05,1.5,12,10.5,Board Defect,None,True,True,True,True,False,False,False,0,b20fd141e357be99,Valid Claim
CLM-0514,Mrs. Virginia Daniels,Refrigerator,LG,LG-552,LG-537017,1992,2025-09-16,2027-08-08,23.0,24,1.0,Screen Damage,Unauthorized Repair,True,True,True,True,True,False,False,0,05f2416f7067aaab,Invalid Claim
CLM-1151,Hannah Ochoa,Washing Machine,Whirlpool,WHI-596,WH-810860,733,2025-09-05,2025-08-12,-0.8,24,24.0,Water Leakage,None,True,True,True,True,False,False,True,0,8ce69cc3891c7cc9,Manual Review
CLM-1174,Kathryn Long,Smartphone,Samsung,SAM-585,SA-159067,644,2025-09-24,2025-12-12,2.6,12,9.4,Screen Damage,None,True,True,True,True,False,True,False,0,DUP_HASH_REF_001,Manual Review
CLM-0770,Matthew Sweeney,Laptop,Apple,APP-490,AP-718831,2038,2024-06-12,2025-05-28,11.7,12,0.3,Water Leakage,Authorized Center Repair,False,False,True,False,False,False,False,2,29983bb3a68fe8e8,Invalid Claim
CLM-1097,James Matthews,Washing Machine,Whirlpool,WHI-787,WH-509835,1159,2024-02-08,2024-08-28,6.7,24,17.3,Motor Failure,None,True,True,True,False,False,False,False,0,3191802b77c395bc,Manual Review
CLM-1443,Melissa Davis,Laptop,Apple,APP-109,AP-858188,2407,2025-06-18,2026-03-09,8.8,12,3.2,Screen Damage,None,True,True,True,True,False,True,False,0,DUP_HASH_REF_001,Manual Review
CLM-0808,David Ferguson,Laptop,Dell,DEL-955,DE-763393,952,2023-12-12,2025-06-11,18.2,12,0.0,Overheating,None,True,False,True,True,False,False,False,1,cff69fad618d50d5,Invalid Claim
CLM-1391,Jacob Gray,Washing Machine,Whirlpool,WHI-291,WH-352248,512,2025-05-14,2025-06-29,1.5,24,22.5,Power Failure,None,True,True,False,True,False,False,False,1,7180f4e9ee156bf0,Manual Review
CLM-1180,Michael Watson,Smartphone,Samsung,SAM-595,SA-932929,493,2024-08-20,2024-08-03,-0.6,12,12.0,Board Defect,None,True,True,True,True,False,False,True,0,044c88d1ebf42817,Manual Review
CLM-0043,Jessica Holmes,Washing Machine,LG,LG-175,LG-751332,869,2025-02-28,2026-10-27,20.2,24,3.8,Overheating,None,True,True,True,True,False,False,False,0,0f39c0427bf5dfd9,Valid Claim
CLM-0844,Steve Moore,Laptop,HP,HP-478,HP-222596,1087,2025-02-14,2026-08-20,18.4,12,0.0,Screen Damage,None,True,False,True,False,False,False,False,1,7c3389bf5d5d49e9,Invalid Claim
CLM-0092,Sharon Cochran,Washing Machine,Whirlpool,WHI-777,WH-464069,442,2024-08-10,2026-03-08,19.2,24,4.8,Power Failure,Authorized Center Repair,True,True,True,True,False,False,False,0,2b1cbbd0f4fcd275,Valid Claim
CLM-0383,Jeffrey Potts,Washing Machine,LG,LG-762,LG-360289,1187,2024-10-28,2025-11-25,13.1,24,10.9,Overheating,None,True,True,True,True,False,False,False,0,f8462b68f7dc91bd,Valid Claim
CLM-0597,Joseph Ochoa,Smartphone,Apple,APP-237,AP-428429,309,2024-03-31,2025-08-16,16.8,12,0.0,Board Defect,Authorized Center Repair,True,False,True,False,False,False,False,1,e3fef12f575daed2,Invalid Claim
CLM-1378,Nicholas Woodward,Washing Machine,LG,LG-430,LG-150157,629,2024-08-16,2024-08-08,-0.3,24,24.0,Board Defect,None,True,True,True,True,False,False,True,0,61f92a2b6d567627,Manual Review
CLM-0400,Alan Kramer,Smartphone,Samsung,SAM-734,SA-296187,587,2024-07-11,2025-01-18,6.4,12,5.6,Motor Failure,Authorized Center Repair,True,True,True,True,False,False,False,0,faac0d027518b2aa,Valid Claim
CLM-0384,Stacey Arias,Washing Machine,Whirlpool,WHI-915,WH-810380,1060,2024-03-16,2025-05-29,14.6,24,9.4,Water Leakage,Authorized Center Repair,True,True,True,True,False,False,False,0,949b26597c560e0a,Valid Claim
CLM-0752,Austin Joseph,Refrigerator,Samsung,SAM-379,SA-400487,894,2024-08-24,2026-03-22,19.2,24,4.8,Screen Damage,Authorized Center Repair,False,False,True,True,False,False,False,2,21db1991f85469ab,Invalid Claim
CLM-0751,Steven Rogers,Washing Machine,Whirlpool,WHI-754,WH-790995,1184,2025-08-14,2026-07-29,11.6,24,12.4,Screen Damage,Unauthorized Repair,True,True,True,False,True,False,False,0,d0915d5914b43528,Invalid Claim
CLM-1299,Amy Warren,Washing Machine,Samsung,SAM-869,SA-396120,1169,2025-05-21,2025-05-06,-0.5,24,24.0,Water Leakage,None,True,True,True,True,False,False,True,0,9083f9f92ed751d8,Manual Review
CLM-0230,Roberta Hughes,Refrigerator,Samsung,SAM-812,SA-140163,781,2024-09-27,2025-08-16,10.8,24,13.2,Screen Damage,Authorized Center Repair,True,True,True,True,False,False,False,0,acbec4390b8d3a61,Valid Claim
CLM-0650,Kristine Newman,Refrigerator,LG,LG-265,LG-742053,1792,2025-02-09,2026-04-29,14.8,24,9.2,Power Failure,Unauthorized Repair,True,True,True,True,True,False,False,0,14fb34373f026247,Invalid Claim
CLM-1291,Eric Duncan,Washing Machine,Whirlpool,WHI-733,WH-231211,786,2024-03-24,2024-11-25,8.2,24,15.8,Motor Failure,None,True,True,False,True,False,False,False,1,fa174fa60449cac1,Manual Review
CLM-1028,Beverly Silva,Washing Machine,LG,LG-960,LG-552931,891,2024-04-29,2024-06-22,1.8,24,22.2,Power Failure,None,True,True,True,True,False,True,False,0,DUP_HASH_REF_001,Manual Review
CLM-1480,Darius Coleman,Laptop,Dell,DEL-340,DE-860124,1362,2024-09-09,2024-12-20,3.4,12,8.6,Board Defect,None,True,True,True,False,False,False,False,0,222d0735031e39f2,Manual Review
CLM-1338,Joshua Clark,Smartphone,Apple,APP-459,AP-997940,700,2025-01-08,2025-10-05,9.0,12,3.0,Water Leakage,None,True,True,True,False,False,False,False,0,f4cbe32454b2e84e,Manual Review
CLM-0129,Micheal Young,Smartphone,Apple,APP-418,AP-760626,359,2024-04-26,2024-09-25,5.1,12,6.9,Overheating,None,True,True,True,True,False,False,False,0,1b2cc75b9bed8880,Valid Claim
CLM-0517,Michelle Smith,Smartphone,Apple,APP-750,AP-838862,1038,2024-09-16,2026-02-28,17.7,12,0.0,Motor Failure,Authorized Center Repair,True,False,True,False,False,False,False,1,a45b2bcebed9e576,Invalid Claim
CLM-0976,Kathy Harrison,Refrigerator,LG,LG-195,LG-853800,1985,2025-02-06,2025-07-15,5.3,24,18.7,Overheating,Unauthorized Repair,True,False,True,True,True,False,False,1,e700a965acba1959,Invalid Claim
CLM-1186,Kimberly Stewart,Refrigerator,Samsung,SAM-472,SA-230775,673,2025-07-16,2027-01-15,18.3,24,5.7,Overheating,None,True,True,True,True,False,True,False,0,DUP_HASH_REF_001,Manual Review
CLM-0200,Kathryn Snyder,Smartphone,Samsung,SAM-275,SA-524707,535,2024-08-03,2024-09-12,1.3,12,10.7,Overheating,Authorized Center Repair,True,True,True,True,False,False,False,0,75e2f0f041269480,Valid Claim
CLM-0100,Deborah Rodriguez,Smartphone,Samsung,SAM-558,SA-824156,792,2024-12-19,2025-09-18,9.1,12,2.9,Motor Failure,Authorized Center Repair,True,True,True,True,False,False,False,0,f23f4e99bd7217fa,Valid Claim
CLM-1102,Cody Cox,Washing Machine,LG,LG-325,LG-960384,745,2024-05-01,2024-12-13,7.5,24,16.5,Motor Failure,None,True,True,True,False,False,False,False,0,a273cd6c5e2439b5,Manual Review
CLM-0188,Scott Branch,Refrigerator,Samsung,SAM-459,SA-386544,869,2025-08-31,2026-08-12,11.5,24,12.5,Motor Failure,Authorized Center Repair,True,True,True,True,False,False,False,0,ddc8f5df761cb7c8,Valid Claim
CLM-1037,Justin Goodwin,Laptop,Lenovo,LEN-290,LE-541457,1327,2024-11-11,2025-08-14,9.2,12,2.8,Screen Damage,None,True,True,False,True,False,False,False,1,75e0fb6ad5c0136a,Manual Review
CLM-0125,Stephanie Simmons,Smartphone,Samsung,SAM-565,SA-953085,1120,2025-01-13,2025-11-20,10.4,12,1.6,Motor Failure,None,True,True,True,True,False,False,False,0,b61f382bfd3d1660,Valid Claim
CLM-0182,Jeremiah Lopez,Smartphone,Apple,APP-542,AP-972176,486,2024-05-03,2024-07-15,2.4,12,9.6,Motor Failure,None,True,True,True,True,False,False,False,0,d84dbfd49aa728f5,Valid Claim
CLM-0568,Tammy Boone,Refrigerator,Bosch,BOS-879,BO-805034,1207,2024-06-08,2027-05-26,36.1,24,0.0,Power Failure,None,True,False,True,True,False,False,False,1,ec30e5d92524d918,Invalid Claim
CLM-0381,Ryan Rosales,Laptop,Apple,APP-712,AP-495303,2216,2025-09-20,2025-11-26,2.2,12,9.8,Water Leakage,Authorized Center Repair,True,True,True,True,False,False,False,0,265003220d3e5f11,Valid Claim
CLM-0506,Sherry Woods,Washing Machine,Samsung,SAM-875,SA-136415,1131,2025-02-14,2026-10-21,20.5,24,3.5,Water Leakage,Unauthorized Repair,True,True,True,True,True,False,False,0,1cf8acbcaf5a9764,Invalid Claim
CLM-0588,Sara Jones,Washing Machine,Whirlpool,WHI-396,WH-147727,999,2023-11-10,2024-02-22,3.5,24,20.5,Board Defect,Unauthorized Repair,True,False,True,True,True,False,False,1,b018cc85f0d8eba1,Invalid Claim
CLM-0713,Denise Pena,Laptop,Apple,APP-655,AP-700727,1092,2025-08-05,2027-04-05,20.3,12,0.0,Screen Damage,Authorized Center Repair,True,False,True,False,False,False,False,1,8e48503fa846b9d2,Invalid Claim
CLM-0778,Ronnie Nguyen,Refrigerator,Bosch,BOS-461,BO-591644,522,2025-06-09,2026-12-15,18.5,24,5.5,Power Failure,Authorized Center Repair,False,False,True,False,False,False,False,2,fa3bd35abb10c8ec,Invalid Claim
CLM-0096,Corey Murphy,Refrigerator,LG,LG-561,LG-971084,1002,2024-03-17,2024-07-13,3.9,24,20.1,Screen Damage,Authorized Center Repair,True,True,True,True,False,False,False,0,d3f227c7ded4482c,Valid Claim
CLM-1070,Nicholas Freeman,Laptop,Apple,APP-339,AP-337949,1066,2024-04-07,2024-08-22,4.6,12,7.4,Overheating,None,True,True,False,True,False,False,False,1,7c17bf87b0a70920,Manual Review
CLM-1283,Joshua Garner,Laptop,Dell,DEL-850,DE-244495,2129,2024-03-10,2024-02-22,-0.6,12,12.0,Motor Failure,None,True,True,True,True,False,False,True,0,50f65dcd5ab93397,Manual Review
CLM-0231,Marissa Hernandez,Smartphone,Samsung,SAM-320,SA-183074,310,2025-02-22,2025-04-02,1.3,12,10.7,Screen Damage,Authorized Center Repair,True,True,True,True,False,False,False,0,315c2f920d004fe6,Valid Claim
CLM-1296,Hannah Montoya,Laptop,Dell,DEL-874,DE-322203,733,2025-09-11,2026-08-12,11.2,12,0.8,Power Failure,None,True,True,True,False,False,False,False,0,5e523eb11d35c4d8,Manual Review
CLM-0194,Michael Bradshaw,Washing Machine,Samsung,SAM-639,SA-216276,840,2025-07-24,2026-06-09,10.7,24,13.3,Board Defect,Authorized Center Repair,True,True,True,True,False,False,False,0,36347e7a26a24d6f,Valid Claim
CLM-0454,Jesse Barker,Laptop,HP,HP-654,HP-529954,613,2025-03-11,2025-04-22,1.4,12,10.6,Power Failure,None,True,True,True,True,False,False,False,0,bd8973ded998f587,Valid Claim
CLM-1351,Julie Banks,Washing Machine,LG,LG-179,LG-374721,689,2024-10-20,2025-05-22,7.1,24,16.9,Water Leakage,None,True,True,True,False,False,False,False,0,3b3677ecc2fa9bdb,Manual Review
CLM-1438,Jeffery White,Laptop,HP,HP-591,HP-877691,1647,2024-07-19,2024-06-29,-0.7,12,12.0,Power Failure,None,True,True,True,True,False,False,True,0,b62cc7ebcc560a3c,Manual Review
CLM-1168,Barbara Miller,Laptop,Apple,APP-661,AP-510840,2089,2024-01-25,2024-01-20,-0.2,12,12.0,Water Leakage,None,True,True,True,True,False,False,True,0,800ffd5818d6acf7,Manual Review
CLM-1103,Mary Perry,Laptop,HP,HP-935,HP-535872,690,2025-04-05,2026-01-22,9.7,12,2.3,Power Failure,None,True,True,True,False,False,False,False,0,76352ee3c43d8f82,Manual Review
CLM-1446,Jenna Lyons,Laptop,Lenovo,LEN-169,LE-899652,2207,2024-04-13,2024-10-15,6.2,12,5.8,Board Defect,None,True,True,False,True,False,False,False,1,88dd6a2212ec4719,Manual Review
CLM-0871,Lauren Hanna,Washing Machine,LG,LG-264,LG-986950,549,2024-01-19,2024-11-28,10.5,24,13.5,Overheating,Unauthorized Repair,True,False,True,False,True,False,False,1,c81432d85c4d6747,Invalid Claim
CLM-1491,Harry Levine,Washing Machine,LG,LG-956,LG-696053,714,2025-04-17,2027-03-24,23.5,24,0.5,Power Failure,None,True,True,True,True,False,True,False,0,DUP_HASH_REF_001,Manual Review
CLM-0628,Derrick Thomas,Refrigerator,Bosch,BOS-192,BO-525146,1309,2024-01-11,2024-09-02,7.8,24,16.2,Overheating,Unauthorized Repair,True,True,True,True,True,False,False,0,fec3f2e1f39f4fbd,Invalid Claim
CLM-0217,Jason Walker,Smartphone,Apple,APP-758,AP-424620,473,2024-11-26,2025-10-08,10.5,12,1.5,Power Failure,Authorized Center Repair,True,True,True,True,False,False,False,0,17d1b66ad78b9c84,Valid Claim
CLM-0295,John Morales,Laptop,Apple,APP-394,AP-603110,1249,2023-10-20,2024-05-15,6.9,12,5.1,Motor Failure,Authorized Center Repair,True,True,True,True,False,False,False,0,f982012442bf8057,Valid Claim
CLM-1171,Denise White,Refrigerator,Bosch,BOS-770,BO-991090,610,2025-08-22,2026-07-29,11.4,24,12.6,Screen Damage,None,True,True,False,True,False,False,False,1,42cf6328b4e27e6b,Manual Review
CLM-1081,Monica Mcclain,Washing Machine,Samsung,SAM-275,SA-486559,458,2025-08-14,2027-02-25,18.7,24,5.3,Power Failure,None,True,True,True,False,False,False,False,0,778cf535487e0940,Manual Review
CLM-0911,Laura Lee,Smartphone,Samsung,SAM-497,SA-951706,1043,2024-12-21,2025-03-23,3.1,12,8.9,Motor Failure,Unauthorized Repair,True,True,True,False,True,False,False,0,391399394acc7e8f,Invalid Claim
CLM-0193,Dwayne Campbell,Smartphone,Google,GOO-873,GO-534303,1205,2024-05-09,2024-10-25,5.6,12,6.4,Overheating,None,True,True,True,True,False,False,False,0,a87ec80ce422eaa3,Valid Claim
CLM-1393,Michael Hill,Washing Machine,Samsung,SAM-614,SA-322367,841,2024-09-25,2025-03-28,6.1,24,17.9,Water Leakage,None,True,True,False,True,False,False,False,1,40a2fa026ed562aa,Manual Review
CLM-0048,Miranda Khan,Refrigerator,Bosch,BOS-749,BO-363319,1500,2024-03-10,2024-05-31,2.7,24,21.3,Water Leakage,None,True,True,True,True,False,False,False,0,b907b99d5f921420,Valid Claim
CLM-0679,Mr. James Hoffman,Laptop,Lenovo,LEN-636,LE-166418,2076,2023-10-03,2024-08-03,10.2,12,1.8,Board Defect,Unauthorized Repair,True,False,True,True,True,False,False,1,e8d9585f14208f2a,Invalid Claim
CLM-1280,Harold Edwards,Smartphone,Google,GOO-102,GO-837246,749,2025-01-03,2024-12-18,-0.5,12,12.0,Screen Damage,None,True,True,True,True,False,False,True,0,efc98830df5789bf,Manual Review
CLM-0152,Ashley Johnson,Refrigerator,Bosch,BOS-742,BO-904751,1976,2024-01-31,2024-07-19,5.7,24,18.3,Board Defect,None,True,True,True,True,False,False,False,0,bbe90a06362c8e6a,Valid Claim
CLM-0765,Elizabeth Dean,Laptop,Lenovo,LEN-606,LE-172988,1431,2024-05-09,2024-08-02,2.8,12,9.2,Board Defect,Unauthorized Repair,True,False,True,False,True,False,False,1,cafdff52b34d5192,Invalid Claim
CLM-0582,Craig Hall,Smartphone,Apple,APP-626,AP-369054,1090,2024-08-15,2025-02-05,5.8,12,6.2,Overheating,Unauthorized Repair,True,True,True,False,True,False,False,0,c518a243e73be855,Invalid Claim
CLM-0522,Paul Finley,Refrigerator,LG,LG-409,LG-992952,1271,2024-07-19,2025-12-01,16.7,24,7.3,Board Defect,Authorized Center Repair,False,True,True,False,False,False,False,1,3f6574882759d433,Invalid Claim
CLM-0238,Olivia Brennan,Refrigerator,Samsung,SAM-236,SA-758775,1845,2025-01-24,2025-06-09,4.5,24,19.5,Motor Failure,Authorized Center Repair,True,True,True,True,False,False,False,0,9317c4ed0cbfd893,Valid Claim
CLM-1203,Teresa Haynes,Smartphone,Google,GOO-824,GO-155432,847,2024-03-26,2025-03-18,11.9,12,0.1,Screen Damage,None,True,True,True,True,False,True,False,0,DUP_HASH_REF_001,Manual Review
CLM-0700,Mark Burton,Laptop,HP,HP-787,HP-175124,1096,2024-10-10,2025-06-17,8.3,12,3.7,Water Leakage,Authorized Center Repair,False,True,True,True,False,False,False,1,10dbb5bdc1fd69df,Invalid Claim
CLM-0185,Robert Avery,Refrigerator,Samsung,SAM-772,SA-632060,1683,2023-11-06,2024-07-10,8.2,24,15.8,Water Leakage,None,True,True,True,True,False,False,False,0,090c9628c8d5abe5,Valid Claim
CLM-1197,Mark Duncan,Smartphone,Apple,APP-441,AP-771274,974,2025-09-16,2025-11-30,2.5,12,9.5,Power Failure,None,True,True,True,True,False,True,False,0,DUP_HASH_REF_001,Manual Review
CLM-0256,Colleen Lee,Washing Machine,Samsung,SAM-929,SA-848022,576,2025-01-09,2026-05-09,16.2,24,7.8,Board Defect,None,True,True,True,True,False,False,False,0,3592b9b48648c2e1,Valid Claim
CLM-0014,Donald Reid,Smartphone,Samsung,SAM-352,SA-249811,1239,2025-07-30,2026-01-11,5.5,12,6.5,Board Defect,None,True,True,True,True,False,False,False,0,9a22e3d9a285d5fc,Valid Claim
CLM-0936,Stephen Cowan,Smartphone,Samsung,SAM-771,SA-723068,851,2024-11-06,2024-12-08,1.1,12,10.9,Overheating,Unauthorized Repair,True,False,True,True,True,False,False,1,a652f2b47a81ae54,Invalid Claim
CLM-0484,Roberto Allen,Laptop,Dell,DEL-482,DE-651860,2333,2025-07-10,2026-02-11,7.2,12,4.8,Board Defect,None,True,True,True,True,False,False,False,0,c0e4ec6d8a24748a,Valid Claim
CLM-0320,Eric Nguyen,Smartphone,Samsung,SAM-840,SA-685941,418,2024-06-16,2025-03-09,8.9,12,3.1,Motor Failure,Authorized Center Repair,True,True,True,True,False,False,False,0,1c995bcfa351d785,Valid Claim
CLM-0559,Victoria Boyd,Washing Machine,LG,LG-833,LG-448098,865,2024-05-17,2026-03-12,22.1,24,1.9,Water Leakage,Unauthorized Repair,True,False,True,False,True,False,False,1,e2668cb5ce0f0884,Invalid Claim
CLM-1149,Adrian Padilla,Refrigerator,Bosch,BOS-627,BO-486326,1009,2024-12-24,2026-04-30,16.4,24,7.6,Water Leakage,None,True,True,False,True,False,False,False,1,80a3578a89551c08,Manual Review
CLM-0738,Antonio Mccormick,Refrigerator,Samsung,SAM-724,SA-689964,1758,2024-03-11,2025-09-24,18.7,24,5.3,Screen Damage,Authorized Center Repair,False,False,True,True,False,False,False,2,091d27b072efaaf8,Invalid Claim
CLM-0962,Victor Nelson,Laptop,Apple,APP-670,AP-932026,806,2023-12-23,2024-09-30,9.4,12,2.6,Motor Failure,Authorized Center Repair,False,True,True,True,False,False,False,1,23de43691f118f00,Invalid Claim
CLM-0472,Holly Thomas,Laptop,Dell,DEL-610,DE-749253,1857,2024-06-15,2024-11-17,5.2,12,6.8,Water Leakage,Authorized Center Repair,True,True,True,True,False,False,False,0,a765608d772251fd,Valid Claim
CLM-0558,Megan Flores,Washing Machine,LG,LG-449,LG-749137,1018,2024-12-17,2025-11-23,11.4,24,12.6,Power Failure,Unauthorized Repair,True,True,True,False,True,False,False,0,5c6fec005b82f80d,Invalid Claim
CLM-0907,Stephanie Trujillo,Washing Machine,Samsung,SAM-323,SA-972765,737,2024-10-31,2026-01-03,14.3,24,9.7,Screen Damage,Unauthorized Repair,True,True,True,False,True,False,False,0,1f029ccef530f4da,Invalid Claim
CLM-1337,Jessica Edwards,Washing Machine,Whirlpool,WHI-895,WH-993077,696,2024-03-30,2024-03-18,-0.4,24,24.0,Water Leakage,None,True,True,True,True,False,False,True,0,e2e17732310a8610,Manual Review
CLM-1112,Lindsay Norton,Washing Machine,Samsung,SAM-181,SA-873758,642,2024-03-14,2024-02-19,-0.8,24,24.0,Motor Failure,None,True,True,True,True,False,False,True,0,ee7be88315af050b,Manual Review
CLM-0468,Kelly Lee,Washing Machine,Whirlpool,WHI-166,WH-371393,1000,2023-10-31,2024-02-14,3.5,24,20.5,Screen Damage,None,True,True,True,True,False,False,False,0,b42732c9a2753b9f,Valid Claim
CLM-0428,Logan Benson,Laptop,HP,HP-188,HP-531709,2483,2024-09-06,2025-05-20,8.5,12,3.5,Motor Failure,None,True,True,True,True,False,False,False,0,691397cb82c34fa3,Valid Claim
CLM-1267,Meredith Scott,Laptop,HP,HP-121,HP-669928,714,2024-10-10,2025-03-25,5.5,12,6.5,Motor Failure,None,True,True,True,False,False,False,False,0,a3dcf4c93abe7590,Manual Review
CLM-1220,Linda Robles,Smartphone,Apple,APP-549,AP-950965,1398,2024-08-25,2025-02-08,5.6,12,6.4,Board Defect,None,True,True,True,False,False,False,False,0,a1b63201e8417fd6,Manual Review
CLM-0337,Seth Reese,Smartphone,Google,GOO-361,GO-240606,1385,2024-11-05,2025-06-21,7.6,12,4.4,Screen Damage,None,True,True,True,True,False,False,False,0,5184abd1f549475b,Valid Claim
CLM-1058,Joseph Taylor,Refrigerator,Bosch,BOS-374,BO-606773,1922,2023-10-19,2025-04-07,17.9,24,6.1,Overheating,None,True,True,False,True,False,False,False,1,d8db19b229c6243a,Manual Review
CLM-0923,Brenda Gonzalez,Washing Machine,Samsung,SAM-696,SA-346924,668,2025-08-02,2026-12-06,16.4,24,7.6,Board Defect,Unauthorized Repair,True,True,True,False,True,False,False,0,6871845d4f300a9c,Invalid Claim
CLM-1249,Amy Newman,Washing Machine,LG,LG-909,LG-328387,985,2025-05-07,2027-02-02,21.2,24,2.8,Overheating,None,True,True,True,False,False,False,False,0,16b5aa7d08d766d8,Manual Review
CLM-1045,Adrienne Jones,Laptop,Apple,APP-310,AP-905671,2104,2025-05-18,2025-12-03,6.6,12,5.4,Water Leakage,None,True,True,False,True,False,False,False,1,c41322a51e3e2991,Manual Review
CLM-1463,Joseph Price,Refrigerator,Bosch,BOS-367,BO-133842,561,2025-02-20,2026-03-03,12.5,24,11.5,Screen Damage,None,True,True,False,True,False,False,False,1,46b4377b2f1b6e37,Manual Review
CLM-0265,Vincent Dalton,Refrigerator,Samsung,SAM-740,SA-677599,1800,2023-11-23,2024-09-29,10.4,24,13.6,Power Failure,None,True,True,True,True,False,False,False,0,e9b0209af2dfb83c,Valid Claim
CLM-0572,Sean Cook,Laptop,Apple,APP-496,AP-635740,1086,2024-03-12,2024-09-05,5.9,12,6.1,Water Leakage,Unauthorized Repair,True,True,True,False,True,False,False,0,bbc293de2fcbc84b,Invalid Claim
CLM-1444,Michelle Marshall,Refrigerator,Bosch,BOS-625,BO-321018,1530,2024-05-24,2025-06-15,12.9,24,11.1,Motor Failure,None,True,True,False,True,False,False,False,1,d3c5f3fa4300a769,Manual Review
CLM-0956,Brett Thompson,Smartphone,Samsung,SAM-599,SA-872882,1315,2024-04-18,2025-03-19,11.2,12,0.8,Water Leakage,Unauthorized Repair,True,False,True,True,True,False,False,1,90dd7c096044aef4,Invalid Claim
CLM-0664,Martin Reynolds,Smartphone,Samsung,SAM-290,SA-296911,1307,2025-01-27,2025-03-07,1.3,12,10.7,Motor Failure,None,False,True,True,True,False,False,False,1,520c7a4a89fa0ea1,Invalid Claim
CLM-0880,Sean Taylor,Smartphone,Google,GOO-464,GO-392047,1322,2025-03-10,2026-01-31,10.9,12,1.1,Water Leakage,Unauthorized Repair,True,False,True,False,True,False,False,1,7997862aa42f77ad,Invalid Claim
CLM-0139,Jennifer Martin,Laptop,Apple,APP-580,AP-786587,2383,2025-02-26,2025-06-15,3.6,12,8.4,Power Failure,None,True,True,True,True,False,False,False,0,c1b5b211a244839a,Valid Claim
CLM-0900,Gregory King,Washing Machine,Whirlpool,WHI-964,WH-481969,605,2025-08-21,2026-02-18,6.0,24,18.0,Water Leakage,None,False,True,True,False,False,False,False,1,1e22bd49aeb50f09,Invalid Claim
CLM-1253,Steven Washington,Laptop,Dell,DEL-432,DE-780154,602,2025-04-10,2025-11-03,6.9,12,5.1,Motor Failure,None,True,True,True,True,False,True,False,0,DUP_HASH_REF_001,Manual Review
CLM-0414,Lance Short,Washing Machine,Whirlpool,WHI-811,WH-197616,1187,2024-08-20,2025-11-05,14.7,24,9.3,Power Failure,Authorized Center Repair,True,True,True,True,False,False,False,0,d4bc5c199a6b0e11,Valid Claim
CLM-0902,Jorge Bates,Laptop,Apple,APP-575,AP-219074,1088,2024-12-22,2026-04-24,16.3,12,0.0,Water Leakage,None,True,True,True,False,False,False,False,0,dd8f664a031c49e7,Invalid Claim
CLM-1278,Brian Sparks,Smartphone,Google,GOO-528,GO-244935,982,2025-02-23,2025-07-28,5.2,12,6.8,Overheating,None,True,True,False,True,False,False,False,1,1c55dc036b576c00,Manual Review
CLM-1270,Mark Ward,Laptop,Apple,APP-273,AP-849575,2006,2023-11-27,2024-02-22,2.9,12,9.1,Motor Failure,None,True,True,False,True,False,False,False,1,068de418571c268c,Manual Review
CLM-0406,Andrew Gonzalez,Smartphone,Apple,APP-369,AP-412170,806,2023-10-24,2023-12-09,1.5,12,10.5,Power Failure,Authorized Center Repair,True,True,True,True,False,False,False,0,0f7d89c663fa9668,Valid Claim
CLM-0538,Elizabeth Johnson,Washing Machine,LG,LG-475,LG-862491,629,2024-09-19,2027-01-25,28.6,24,0.0,Board Defect,None,True,True,True,True,False,False,False,0,dda597413307bee3,Invalid Claim
CLM-0068,Taylor Harris,Refrigerator,Samsung,SAM-925,SA-805477,981,2024-12-08,2025-11-20,11.6,24,12.4,Screen Damage,None,True,True,True,True,False,False,False,0,44c0c138655887b1,Valid Claim
CLM-0781,Jason Herrera,Laptop,Dell,DEL-978,DE-921834,2343,2024-09-09,2025-02-15,5.3,12,6.7,Power Failure,None,False,False,True,False,False,False,False,2,c5dd99cf94f6019b,Invalid Claim
CLM-1166,David Baker,Washing Machine,Samsung,SAM-398,SA-701853,1123,2024-02-28,2024-02-08,-0.7,24,24.0,Board Defect,None,True,True,True,True,False,False,True,0,b22fca133181f1ea,Manual Review
CLM-0318,Patrick Bonilla,Laptop,HP,HP-219,HP-995993,1271,2024-08-02,2025-05-25,9.9,12,2.1,Board Defect,Authorized Center Repair,True,True,True,True,False,False,False,0,c23eb2d8dbbc64f9,Valid Claim
CLM-1369,Frank Johnson,Washing Machine,Samsung,SAM-674,SA-731035,690,2024-01-09,2024-01-01,-0.3,24,24.0,Power Failure,None,True,True,True,True,False,False,True,0,0d6b3a0fae00a48a,Manual Review
CLM-0395,Michelle Carter,Smartphone,Google,GOO-701,GO-725969,941,2024-10-30,2025-06-15,7.6,12,4.4,Motor Failure,Authorized Center Repair,True,True,True,True,False,False,False,0,bee0f83860b48aed,Valid Claim
CLM-1404,Curtis Campbell,Refrigerator,Samsung,SAM-585,SA-812195,849,2024-03-08,2024-04-16,1.3,24,22.7,Overheating,None,True,True,True,True,False,True,False,0,DUP_HASH_REF_001,Manual Review
CLM-1150,Duane Gallegos,Laptop,Dell,DEL-748,DE-952092,1906,2025-09-08,2026-03-21,6.5,12,5.5,Power Failure,None,True,True,True,False,False,False,False,0,df52de95e912efa7,Manual Review
CLM-1320,Mary Bennett,Washing Machine,Samsung,SAM-316,SA-596405,840,2024-01-13,2024-09-17,8.3,24,15.7,Motor Failure,None,True,True,True,False,False,False,False,0,ac66db5d1f8d9268,Manual Review
CLM-1113,Lisa Dixon,Laptop,Lenovo,LEN-309,LE-411023,1621,2025-06-24,2025-06-07,-0.6,12,12.0,Board Defect,None,True,True,True,True,False,False,True,0,a460d5a7f2c3e802,Manual Review
CLM-0730,Ryan Liu,Refrigerator,Bosch,BOS-569,BO-223264,870,2025-03-15,2027-07-16,28.4,24,0.0,Water Leakage,None,True,False,True,True,False,False,False,1,4e801fdc35e6fb85,Invalid Claim
CLM-0481,Walter Patton,Refrigerator,Samsung,SAM-338,SA-139807,1504,2025-01-01,2025-05-03,4.1,24,19.9,Overheating,None,True,True,True,True,False,False,False,0,d9bf89d3fd443f86,Valid Claim
CLM-0211,Jose Travis,Smartphone,Google,GOO-930,GO-164879,608,2025-05-18,2026-02-02,8.7,12,3.3,Power Failure,None,True,True,True,True,False,False,False,0,c27d8a87d4fec658,Valid Claim
CLM-0221,Charles Lee,Laptop,Apple,APP-838,AP-270128,915,2024-04-02,2024-08-02,4.1,12,7.9,Water Leakage,None,True,True,True,True,False,False,False,0,12a930b2c36fceed,Valid Claim
CLM-0466,Sarah Jordan,Laptop,Dell,DEL-112,DE-206857,1546,2024-05-04,2024-08-13,3.4,12,8.6,Motor Failure,None,True,True,True,True,False,False,False,0,c0f71c73da4838a7,Valid Claim
CLM-0792,Alison Brown,Washing Machine,LG,LG-976,LG-788500,1008,2025-09-07,2028-07-29,35.2,24,0.0,Overheating,None,True,True,True,True,False,False,False,0,f23efa56257f2264,Invalid Claim
CLM-0867,Renee Miller,Refrigerator,Samsung,SAM-804,SA-419484,1953,2025-09-02,2027-11-21,27.0,24,0.0,Screen Damage,None,True,True,True,True,False,False,False,0,c4493994b51a1dde,Invalid Claim
CLM-1019,Rebecca Horton,Smartphone,Google,GOO-213,GO-107482,728,2024-03-28,2024-08-05,4.3,12,7.7,Power Failure,None,True,True,False,True,False,False,False,1,b853caee21b2a24e,Manual Review
CLM-1374,Richard Hunt,Laptop,Apple,APP-445,AP-659380,675,2025-03-28,2026-01-22,10.0,12,2.0,Board Defect,None,True,True,True,False,False,False,False,0,579859b78433717e,Manual Review
CLM-1225,Dominique Paul,Smartphone,Apple,APP-452,AP-213119,524,2025-03-17,2025-03-08,-0.3,12,12.0,Overheating,None,True,True,True,True,False,False,True,0,84af044e770887d6,Manual Review
CLM-0857,Jennifer Avila,Washing Machine,LG,LG-769,LG-414750,668,2024-06-19,2026-05-01,22.7,24,1.3,Board Defect,Unauthorized Repair,True,False,True,True,True,False,False,1,e691dd12f9a5bafd,Invalid Claim
CLM-1417,Sharon Walton,Washing Machine,LG,LG-154,LG-965568,689,2024-02-18,2025-11-16,21.2,24,2.8,Water Leakage,None,True,True,True,False,False,False,False,0,89c7d16f18c79669,Manual Review
CLM-0195,Leah Lara,Refrigerator,Samsung,SAM-107,SA-514463,951,2025-05-29,2027-03-03,21.4,24,2.6,Screen Damage,None,True,True,True,True,False,False,False,0,02cadb736ff676a6,Valid Claim
CLM-1322,Michael Nelson,Refrigerator,LG,LG-637,LG-412828,667,2024-05-03,2025-09-07,16.4,24,7.6,Screen Damage,None,True,True,False,True,False,False,False,1,f39edeaa32560d08,Manual Review
CLM-0820,Brenda Rodriguez,Washing Machine,LG,LG-865,LG-856445,640,2024-12-24,2026-09-21,21.2,24,2.8,Board Defect,Authorized Center Repair,False,False,True,True,False,False,False,2,c5c2376b116fee18,Invalid Claim
CLM-1239,Maxwell Clark,Refrigerator,Bosch,BOS-343,BO-654552,1706,2025-05-16,2027-02-24,21.6,24,2.4,Board Defect,None,True,True,True,True,False,True,False,0,DUP_HASH_REF_001,Manual Review
CLM-1286,Elizabeth Evans MD,Washing Machine,Whirlpool,WHI-861,WH-256989,826,2024-01-08,2024-08-11,7.2,24,16.8,Screen Damage,None,True,True,False,True,False,False,False,1,08e66972f67cf340,Manual Review
CLM-0108,Kristen Lee,Smartphone,Apple,APP-590,AP-701949,325,2024-08-03,2025-01-25,5.8,12,6.2,Water Leakage,Authorized Center Repair,True,True,True,True,False,False,False,0,93d6e401292e6528,Valid Claim
CLM-1043,Andrew Villanueva,Refrigerator,Bosch,BOS-565,BO-539033,1113,2024-10-25,2024-10-17,-0.3,24,24.0,Motor Failure,None,True,True,True,True,False,False,True,0,46bf7789e7f16182,Manual Review
CLM-0067,Bradley Sandoval,Smartphone,Google,GOO-627,GO-790855,647,2024-12-30,2025-03-13,2.4,12,9.6,Board Defect,Authorized Center Repair,True,True,True,True,False,False,False,0,5a59e849f1447acd,Valid Claim
CLM-0394,Linda Smith,Laptop,Lenovo,LEN-368,LE-306647,1267,2025-07-06,2026-03-27,8.8,12,3.2,Board Defect,None,True,True,True,True,False,False,False,0,3adc77dd6f5e75b2,Valid Claim
CLM-0121,Jeffery Thompson,Refrigerator,Samsung,SAM-883,SA-340044,687,2025-08-13,2027-04-24,20.6,24,3.4,Board Defect,None,True,True,True,True,False,False,False,0,400ec657863ec29c,Valid Claim
CLM-1079,Angela Ramirez,Laptop,Dell,DEL-127,DE-822494,2292,2024-02-09,2025-01-12,11.3,12,0.7,Screen Damage,None,True,True,False,True,False,False,False,1,cf47cd3223c41045,Manual Review
CLM-0720,Robert Garcia,Washing Machine,Samsung,SAM-167,SA-333365,822,2024-07-19,2026-07-06,23.9,24,0.1,Screen Damage,Unauthorized Repair,True,True,True,True,True,False,False,0,20fb86c22c6875e2,Invalid Claim
CLM-0737,Kevin Smith,Washing Machine,Samsung,SAM-365,SA-822106,1141,2025-05-16,2026-04-05,10.8,24,13.2,Overheating,Unauthorized Repair,True,False,True,False,True,False,False,1,225f68e2640dcb68,Invalid Claim
CLM-0890,Dana Burns,Refrigerator,LG,LG-706,LG-468332,1343,2023-12-31,2026-05-24,29.2,24,0.0,Motor Failure,None,True,True,True,False,False,False,False,0,a59de5293bb92096,Invalid Claim
CLM-0799,Kathleen Andrade,Washing Machine,LG,LG-627,LG-509451,1080,2024-04-03,2024-10-05,6.2,24,17.8,Board Defect,Authorized Center Repair,False,False,True,True,False,False,False,2,286eb460150bda40,Invalid Claim
CLM-0162,Julie Petersen,Washing Machine,LG,LG-340,LG-616554,711,2024-11-17,2025-04-14,4.9,24,19.1,Overheating,None,True,True,True,True,False,False,False,0,cdba379ea8043408,Valid Claim
CLM-0988,Brent Hopkins,Refrigerator,Samsung,SAM-660,SA-958914,874,2025-04-04,2026-09-16,17.7,24,6.3,Power Failure,Unauthorized Repair,True,True,True,True,True,False,False,0,a5abf0ab5291b091,Invalid Claim
CLM-0823,Morgan Kim,Refrigerator,Samsung,SAM-443,SA-854787,1437,2024-01-09,2026-12-17,35.8,24,0.0,Screen Damage,Authorized Center Repair,True,False,True,True,False,False,False,1,4207dbb27f5b3f11,Invalid Claim
CLM-0042,Christina Collins,Refrigerator,Samsung,SAM-568,SA-515011,1043,2025-05-04,2025-10-15,5.5,24,18.5,Power Failure,Authorized Center Repair,True,True,True,True,False,False,False,0,d12b3c4d989cc444,Valid Claim
CLM-0456,Scott Flores,Laptop,Apple,APP-195,AP-162804,1607,2025-01-09,2025-04-21,3.4,12,8.6,Motor Failure,Authorized Center Repair,True,True,True,True,False,False,False,0,725947a654df92b2,Valid Claim
CLM-0460,Jennifer Estes,Refrigerator,LG,LG-307,LG-385166,1427,2024-07-20,2025-04-15,9.0,24,15.0,Screen Damage,None,True,True,True,True,False,False,False,0,bf42a231e864eabe,Valid Claim
CLM-0352,Erica Alvarez,Smartphone,Apple,APP-117,AP-655134,334,2024-12-13,2025-06-01,5.7,12,6.3,Overheating,Authorized Center Repair,True,True,True,True,False,False,False,0,ed630d33d19010d8,Valid Claim
CLM-0485,Ashley Smith,Smartphone,Google,GOO-239,GO-452909,506,2024-12-13,2025-06-15,6.1,12,5.9,Screen Damage,Authorized Center Repair,True,True,True,True,False,False,False,0,375c45e55c9378a7,Valid Claim
CLM-1160,Crystal Stewart,Laptop,Lenovo,LEN-191,LE-405110,836,2024-03-15,2024-05-28,2.5,12,9.5,Power Failure,None,True,True,True,False,False,False,False,0,3e7256381d71ac5e,Manual Review
CLM-0065,Barry Hensley,Laptop,Lenovo,LEN-393,LE-674553,1431,2024-02-17,2024-03-18,1.0,12,11.0,Screen Damage,Authorized Center Repair,True,True,True,True,False,False,False,0,f275672057750963,Valid Claim
CLM-1330,Patrick Smith DDS,Laptop,Apple,APP-690,AP-464994,1042,2024-06-11,2024-05-16,-0.9,12,12.0,Motor Failure,None,True,True,True,True,False,False,True,0,d5254555530f01cc,Manual Review
CLM-0930,Joseph Cross,Smartphone,Apple,APP-136,AP-155807,1201,2024-07-19,2025-10-28,15.5,12,0.0,Water Leakage,None,True,True,True,True,False,False,False,0,79735fd8cd52c64b,Invalid Claim
CLM-0580,Sean Figueroa,Refrigerator,LG,LG-217,LG-329056,1101,2024-08-12,2026-03-08,19.1,24,4.9,Board Defect,Unauthorized Repair,True,False,True,True,True,False,False,1,366e4c7ccddcf686,Invalid Claim
CLM-0448,Marcus Winters,Laptop,HP,HP-329,HP-137081,2356,2024-01-23,2024-12-01,10.4,12,1.6,Power Failure,Authorized Center Repair,True,True,True,True,False,False,False,0,8fdaf8f3f1c781a1,Valid Claim
CLM-0847,Brendan Long,Refrigerator,Bosch,BOS-805,BO-409913,1944,2024-05-01,2025-03-23,10.9,24,13.1,Motor Failure,None,False,False,True,False,False,False,False,2,bf0b13f6ed5ba38d,Invalid Claim
CLM-0641,Michael Gonzales,Laptop,Apple,APP-342,AP-205641,1789,2025-04-12,2025-11-13,7.2,12,4.8,Power Failure,Authorized Center Repair,False,True,True,False,False,False,False,1,0106e4e965db2473,Invalid Claim
CLM-0446,Mario Mendez,Washing Machine,Whirlpool,WHI-858,WH-857888,1090,2024-11-26,2025-04-23,4.9,24,19.1,Overheating,None,True,True,True,True,False,False,False,0,d1fdeb2db391a62b,Valid Claim
CLM-0602,Mark Warner,Washing Machine,Samsung,SAM-263,SA-626560,772,2024-11-28,2027-04-19,29.1,24,0.0,Screen Damage,None,True,True,True,False,False,False,False,0,a690e131b69c6513,Invalid Claim
CLM-1347,Cole Anderson,Washing Machine,Whirlpool,WHI-749,WH-126518,791,2024-04-25,2024-10-05,5.4,24,18.6,Board Defect,None,True,True,False,True,False,False,False,1,68b4e156d72aeef0,Manual Review
CLM-0157,Jeffrey Wood,Laptop,Apple,APP-192,AP-943671,2332,2023-10-27,2024-09-06,10.5,12,1.5,Water Leakage,Authorized Center Repair,True,True,True,True,False,False,False,0,6b5480005e493b47,Valid Claim
CLM-1284,Jillian Sanders,Smartphone,Samsung,SAM-588,SA-835473,410,2024-07-01,2024-09-23,2.8,12,9.2,Overheating,None,True,True,True,False,False,False,False,0,326bb5f59db0e219,Manual Review
CLM-0863,Joann Rush,Refrigerator,Bosch,BOS-943,BO-384645,1116,2023-12-28,2025-02-01,13.4,24,10.6,Screen Damage,Unauthorized Repair,True,True,True,False,True,False,False,0,20188e8235555279,Invalid Claim
CLM-0750,Richard Adams,Washing Machine,LG,LG-578,LG-146168,718,2024-07-10,2026-04-09,21.3,24,2.7,Motor Failure,Unauthorized Repair,True,True,True,False,True,False,False,0,cad6807310553f94,Invalid Claim
CLM-1123,Dr. Gregory Ballard,Smartphone,Apple,APP-974,AP-120773,1287,2025-06-10,2026-01-21,7.5,12,4.5,Motor Failure,None,True,True,False,True,False,False,False,1,2aba1539d139e303,Manual Review
CLM-1334,Courtney Peterson,Smartphone,Samsung,SAM-818,SA-986142,883,2024-11-30,2025-08-10,8.4,12,3.6,Overheating,None,True,True,True,True,False,True,False,0,DUP_HASH_REF_001,Manual Review
CLM-0712,Sonia Turner,Laptop,HP,HP-633,HP-511929,1299,2025-03-13,2025-06-21,3.3,12,8.7,Board Defect,Unauthorized Repair,True,True,True,False,True,False,False,0,cda5e75d7eafe29d,Invalid Claim
CLM-0287,Brianna Anderson,Washing Machine,Samsung,SAM-711,SA-422623,997,2024-04-28,2026-03-03,22.5,24,1.5,Water Leakage,None,True,True,True,True,False,False,False,0,3f5381995ff913bc,Valid Claim
CLM-0821,Toni Brooks,Refrigerator,Samsung,SAM-484,SA-441974,725,2024-11-07,2027-01-16,26.7,24,0.0,Screen Damage,None,True,False,True,True,False,False,False,1,422735ee16c8dfa2,Invalid Claim
CLM-0627,Carolyn James,Laptop,HP,HP-382,HP-137812,1980,2024-04-01,2024-08-31,5.1,12,6.9,Water Leakage,None,False,True,True,True,False,False,False,1,286ac1a0d2131785,Invalid Claim
CLM-0874,John Lynch,Washing Machine,LG,LG-879,LG-498055,763,2024-04-18,2024-12-23,8.3,24,15.7,Power Failure,None,False,False,True,True,False,False,False,2,1b62fcc96b002f96,Invalid Claim
CLM-0322,Megan Nelson,Refrigerator,Bosch,BOS-583,BO-667451,630,2025-05-03,2025-08-02,3.0,24,21.0,Motor Failure,None,True,True,True,True,False,False,False,0,bc8a3ebe137dda48,Valid Claim
CLM-1307,Christina Gilbert,Laptop,Lenovo,LEN-196,LE-936116,1720,2024-07-29,2024-10-11,2.5,12,9.5,Water Leakage,None,True,True,False,True,False,False,False,1,15204b3446cf930a,Manual Review
CLM-0784,Amanda Huff,Laptop,Apple,APP-691,AP-533007,2141,2025-03-26,2025-08-24,5.0,12,7.0,Board Defect,Authorized Center Repair,False,True,True,True,False,False,False,1,061e7fed9445d893,Invalid Claim
CLM-1464,Daniel Rich,Refrigerator,Samsung,SAM-875,SA-314154,785,2024-12-17,2026-07-30,19.7,24,4.3,Board Defect,None,True,True,True,True,False,True,False,0,DUP_HASH_REF_001,Manual Review
CLM-0571,Laurie Powers,Refrigerator,Samsung,SAM-204,SA-824141,627,2024-02-19,2024-10-14,7.9,24,16.1,Overheating,None,False,False,True,False,False,False,False,2,8f9f2f24eefddf44,Invalid Claim
CLM-1314,Peter Farrell,Refrigerator,LG,LG-328,LG-697828,824,2025-03-11,2026-05-23,14.6,24,9.4,Water Leakage,None,True,True,True,False,False,False,False,0,3225e860c49421b9,Manual Review
CLM-0309,Michelle Schmitt,Smartphone,Samsung,SAM-785,SA-443856,1355,2024-08-19,2024-11-01,2.5,12,9.5,Motor Failure,Authorized Center Repair,True,True,True,True,False,False,False,0,fe3662fcb6fc66f8,Valid Claim
CLM-0933,Emily Garcia,Refrigerator,Samsung,SAM-638,SA-886365,844,2025-03-17,2026-01-20,10.3,24,13.7,Overheating,Unauthorized Repair,True,True,True,True,True,False,False,0,da97e480216b9f35,Invalid Claim
CLM-0680,Michael Perry PhD,Smartphone,Google,GOO-198,GO-742818,615,2025-02-14,2025-08-28,6.5,12,5.5,Overheating,Authorized Center Repair,False,False,True,True,False,False,False,2,15f1d0a09feffc6e,Invalid Claim
CLM-0425,Kendra Sanders,Laptop,Apple,APP-848,AP-340068,745,2023-11-24,2024-07-07,7.5,12,4.5,Motor Failure,None,True,True,True,True,False,False,False,0,ec13781df6871964,Valid Claim
CLM-0620,Brittany Price,Laptop,Apple,APP-796,AP-713805,1934,2025-03-31,2025-09-10,5.4,12,6.6,Water Leakage,Authorized Center Repair,False,False,True,False,False,False,False,2,051daa15ad2f5611,Invalid Claim
CLM-1432,Chase Hill,Washing Machine,Whirlpool,WHI-239,WH-641342,609,2025-02-28,2025-08-24,5.9,24,18.1,Screen Damage,None,True,True,False,True,False,False,False,1,7a3b7e95f99eaba4,Manual Review
CLM-1313,Thomas Hall,Washing Machine,Whirlpool,WHI-258,WH-159830,1059,2024-01-17,2024-10-23,9.3,24,14.7,Motor Failure,None,True,True,True,False,False,False,False,0,68d8c1860e332642,Manual Review
CLM-1439,Lori Vaughn,Refrigerator,Bosch,BOS-783,BO-717363,704,2025-01-01,2026-06-19,17.8,24,6.2,Power Failure,None,True,True,True,True,False,True,False,0,DUP_HASH_REF_001,Manual Review
CLM-0501,Denise Rodriguez,Washing Machine,LG,LG-903,LG-769191,574,2025-09-19,2026-01-10,3.8,24,20.2,Water Leakage,Authorized Center Repair,False,True,True,False,False,False,False,1,a4b4bcaa084a7094,Invalid Claim
CLM-1005,Elizabeth Miles,Laptop,Apple,APP-101,AP-682119,2466,2025-08-14,2026-05-02,8.7,12,3.3,Water Leakage,None,True,True,True,False,False,False,False,0,9a40fbb4718aeecf,Manual Review
CLM-0796,Allen Vega,Refrigerator,LG,LG-760,LG-561976,864,2025-04-10,2028-01-06,33.4,24,0.0,Water Leakage,None,True,False,True,True,False,False,False,1,7982a5c3c1f942f6,Invalid Claim
CLM-1316,Samantha Smith,Smartphone,Apple,APP-886,AP-289030,475,2024-01-18,2024-04-12,2.8,12,9.2,Water Leakage,None,True,True,False,True,False,False,False,1,a8c11f8391176e58,Manual Review
CLM-1292,Morgan Cummings,Laptop,Apple,APP-936,AP-962458,976,2024-12-11,2025-10-23,10.5,12,1.5,Board Defect,None,True,True,True,False,False,False,False,0,47ca020b0c433a34,Manual Review
CLM-0209,Matthew Morales DDS,Smartphone,Apple,APP-760,AP-486649,416,2025-03-17,2025-09-09,5.9,12,6.1,Motor Failure,None,True,True,True,True,False,False,False,0,fd25a30d65163a81,Valid Claim
CLM-1445,Briana Huang,Laptop,HP,HP-570,HP-787796,1320,2024-03-23,2025-02-04,10.6,12,1.4,Board Defect,None,True,True,True,True,False,True,False,0,DUP_HASH_REF_001,Manual Review
CLM-0994,George Sherman,Washing Machine,Whirlpool,WHI-119,WH-298595,934,2025-05-24,2026-11-19,18.1,24,5.9,Power Failure,None,False,True,True,True,False,False,False,1,8970896ef30a8114,Invalid Claim
CLM-0946,Larry Taylor,Refrigerator,LG,LG-283,LG-714012,1021,2024-11-03,2027-08-07,33.6,24,0.0,Screen Damage,None,True,True,True,False,False,False,False,0,f7162648bd501d4a,Invalid Claim
CLM-0011,Mark Mcclure,Washing Machine,Whirlpool,WHI-267,WH-279451,1050,2024-11-27,2026-06-26,19.2,24,4.8,Water Leakage,None,True,True,True,True,False,False,False,0,9ca68cbeeb5c168e,Valid Claim
CLM-0527,Holly Walker,Laptop,Apple,APP-400,AP-804505,2456,2025-09-06,2026-06-22,9.6,12,2.4,Motor Failure,Authorized Center Repair,False,True,True,True,False,False,False,1,597a622249ff9a5c,Invalid Claim
CLM-0292,Kevin Hayes,Laptop,Lenovo,LEN-421,LE-601608,1956,2025-05-22,2026-03-17,10.0,12,2.0,Screen Damage,Authorized Center Repair,True,True,True,True,False,False,False,0,0f3ffed2e396850a,Valid Claim
CLM-0012,Michele Williams,Smartphone,Samsung,SAM-334,SA-817870,749,2024-07-02,2025-01-14,6.5,12,5.5,Motor Failure,None,True,True,True,True,False,False,False,0,127c9545ff97365b,Valid Claim
CLM-0766,Wesley Cuevas,Washing Machine,LG,LG-563,LG-956721,622,2024-09-20,2027-08-03,34.9,24,0.0,Overheating,None,True,True,True,True,False,False,False,0,20b2936b4f1bffde,Invalid Claim
CLM-0319,Cindy Barnes,Laptop,Apple,APP-564,AP-635167,786,2023-12-06,2024-08-20,8.6,12,3.4,Screen Damage,None,True,True,True,True,False,False,False,0,cd96e4cc72216752,Valid Claim
CLM-0896,Sharon Coffey,Washing Machine,Whirlpool,WHI-455,WH-386643,744,2024-08-09,2027-06-15,34.7,24,0.0,Motor Failure,Authorized Center Repair,True,False,True,True,False,False,False,1,223766c91a61d3d9,Invalid Claim
CLM-0848,Brittany Ward,Smartphone,Apple,APP-511,AP-810943,585,2024-11-25,2025-02-22,3.0,12,9.0,Overheating,Unauthorized Repair,True,False,True,True,True,False,False,1,b9c17b8b6bc1bdc7,Invalid Claim
CLM-0455,John Harris,Washing Machine,Samsung,SAM-206,SA-895794,401,2024-01-26,2025-03-16,13.8,24,10.2,Screen Damage,Authorized Center Repair,True,True,True,True,False,False,False,0,7a731be8370e4a17,Valid Claim
CLM-0059,Mrs. Rachel Gibson,Refrigerator,Samsung,SAM-139,SA-373903,736,2023-09-27,2024-04-26,7.1,24,16.9,Motor Failure,Authorized Center Repair,True,True,True,True,False,False,False,0,e96af6fa4baced96,Valid Claim
CLM-1329,David Moreno,Smartphone,Google,GOO-813,GO-138258,499,2025-04-01,2025-03-14,-0.6,12,12.0,Overheating,None,True,True,True,True,False,False,True,0,5d951dfcf636b9ff,Manual Review
CLM-1356,Katherine Nguyen,Refrigerator,Samsung,SAM-630,SA-735553,894,2024-09-01,2024-10-31,2.0,24,22.0,Overheating,None,True,True,True,False,False,False,False,0,2ef2f1190d272338,Manual Review
CLM-1345,Tonya Turner,Smartphone,Google,GOO-308,GO-978012,832,2025-08-09,2025-07-25,-0.5,12,12.0,Motor Failure,None,True,True,True,True,False,False,True,0,e0264db3a8ca7ffa,Manual Review
CLM-0210,Ernest Morris,Smartphone,Samsung,SAM-429,SA-571579,384,2023-10-24,2024-09-10,10.7,12,1.3,Overheating,None,True,True,True,True,False,False,False,0,b2a0f0b3422b6953,Valid Claim
CLM-1427,Andrew Charles,Washing Machine,Whirlpool,WHI-873,WH-904016,427,2023-09-29,2025-01-02,15.4,24,8.6,Screen Damage,None,True,True,True,False,False,False,False,0,b7b473be987542b4,Manual Review
CLM-0288,Ashley Delacruz,Refrigerator,Bosch,BOS-697,BO-705693,1684,2024-04-07,2024-12-26,8.8,24,15.2,Water Leakage,None,True,True,True,True,False,False,False,0,3895eeef5f215291,Valid Claim
CLM-0087,Christine Wright,Washing Machine,Whirlpool,WHI-304,WH-890870,441,2023-10-26,2023-12-26,2.0,24,22.0,Motor Failure,None,True,True,True,True,False,False,False,0,83ba3de0d98e5b2f,Valid Claim
CLM-0798,Amanda Harvey,Washing Machine,LG,LG-768,LG-862886,985,2024-09-06,2026-01-05,16.2,24,7.8,Board Defect,None,False,False,True,True,False,False,False,2,603ac80d70cd7959,Invalid Claim
CLM-0710,Caleb Mathews,Refrigerator,LG,LG-740,LG-880550,1305,2025-07-06,2027-08-04,25.3,24,0.0,Power Failure,Authorized Center Repair,True,False,True,False,False,False,False,1,47219dbf638c09a0,Invalid Claim
CLM-1006,Norman Spencer,Refrigerator,Bosch,BOS-379,BO-100569,842,2025-07-25,2025-10-24,3.0,24,21.0,Overheating,None,True,True,False,True,False,False,False,1,09162c9704503e44,Manual Review
CLM-0426,Tyler Johnson,Washing Machine,Samsung,SAM-892,SA-413791,776,2025-02-11,2025-07-31,5.7,24,18.3,Screen Damage,Authorized Center Repair,True,True,True,True,False,False,False,0,02b850fdebf98498,Valid Claim
CLM-0374,Jeremy Mitchell,Smartphone,Google,GOO-411,GO-580102,700,2025-04-06,2025-06-29,2.8,12,9.2,Motor Failure,None,True,True,True,True,False,False,False,0,e36addcdf1711536,Valid Claim
CLM-0862,Megan Oliver,Washing Machine,Whirlpool,WHI-656,WH-903673,598,2024-10-31,2025-06-05,7.2,24,16.8,Power Failure,Unauthorized Repair,True,True,True,True,True,False,False,0,784e16e67a7baa2a,Invalid Claim
CLM-0688,Amanda Baker,Smartphone,Samsung,SAM-723,SA-676802,945,2024-05-14,2024-12-20,7.3,12,4.7,Screen Damage,Authorized Center Repair,False,False,True,False,False,False,False,2,ae39e892b00c7cef,Invalid Claim
CLM-0184,Benjamin Soto,Smartphone,Samsung,SAM-714,SA-856086,1166,2023-11-15,2024-01-10,1.9,12,10.1,Power Failure,Authorized Center Repair,True,True,True,True,False,False,False,0,d132d38546ec2fc3,Valid Claim
CLM-1293,Mr. Steven Warner,Smartphone,Samsung,SAM-947,SA-784405,941,2025-06-02,2026-05-26,11.9,12,0.1,Water Leakage,None,True,True,False,True,False,False,False,1,94d3983000c70153,Manual Review
CLM-0478,Justin Wells Jr.,Refrigerator,Bosch,BOS-463,BO-901164,614,2024-11-12,2025-07-24,8.5,24,15.5,Screen Damage,Authorized Center Repair,True,True,True,True,False,False,False,0,e439cd6beb001395,Valid Claim
CLM-0300,Ashley Pena,Washing Machine,LG,LG-797,LG-446337,823,2023-12-12,2025-05-08,17.1,24,6.9,Screen Damage,None,True,True,True,True,False,False,False,0,bfb42cd3527eb1a4,Valid Claim
CLM-0599,Wanda Perez,Washing Machine,Samsung,SAM-969,SA-664781,543,2024-09-16,2027-02-17,29.5,24,0.0,Overheating,None,True,True,True,True,False,False,False,0,b3c7f33c0019c902,Invalid Claim
CLM-1282,Lisa Hart,Refrigerator,Samsung,SAM-348,SA-582752,1103,2025-06-28,2025-12-22,5.9,24,18.1,Screen Damage,None,True,True,False,True,False,False,False,1,19f2809b80dc5027,Manual Review
CLM-0009,Dennis Williams,Refrigerator,Samsung,SAM-564,SA-205907,976,2025-07-15,2026-09-07,14.0,24,10.0,Board Defect,Authorized Center Repair,True,True,True,True,False,False,False,0,74059144fcfba7dd,Valid Claim
CLM-0091,Tim Patton,Laptop,Dell,DEL-813,DE-824161,1812,2023-10-15,2024-03-17,5.1,12,6.9,Power Failure,None,True,True,True,True,False,False,False,0,1657e9788830e283,Valid Claim
CLM-0809,Amy Davies,Washing Machine,LG,LG-923,LG-621292,516,2025-06-01,2027-03-23,22.0,24,2.0,Screen Damage,Unauthorized Repair,True,True,True,True,True,False,False,0,c6944cc1d4ffc583,Invalid Claim
CLM-0168,Kellie Lee,Laptop,HP,HP-949,HP-692002,2211,2024-04-27,2024-09-09,4.5,12,7.5,Overheating,None,True,True,True,True,False,False,False,0,acf9ff9978ef354a,Valid Claim
CLM-0160,Christian Thompson,Laptop,Apple,APP-724,AP-749641,651,2025-06-30,2026-05-13,10.6,12,1.4,Screen Damage,Authorized Center Repair,True,True,True,True,False,False,False,0,32f4e36929574ff5,Valid Claim
CLM-0895,Megan Adams,Laptop,Lenovo,LEN-834,LE-149840,1143,2024-03-15,2025-02-01,10.8,12,1.2,Overheating,Authorized Center Repair,False,True,True,True,False,False,False,1,7dd3dba0f30607d9,Invalid Claim
CLM-0727,Victor Edwards,Laptop,Dell,DEL-636,DE-219710,786,2025-04-15,2025-12-31,8.7,12,3.3,Board Defect,Unauthorized Repair,True,False,True,True,True,False,False,1,c83c74d23b955afd,Invalid Claim
CLM-1276,Kristin Reese,Washing Machine,LG,LG-430,LG-548217,991,2024-02-11,2024-02-04,-0.2,24,24.0,Screen Damage,None,True,True,True,True,False,False,True,0,090bc68258a8e007,Manual Review
CLM-0150,Pamela Jackson,Washing Machine,Whirlpool,WHI-720,WH-387813,805,2024-09-21,2024-10-29,1.3,24,22.7,Board Defect,None,True,True,True,True,False,False,False,0,a2bb4d5fe91f66ef,Valid Claim
CLM-0749,Samantha Green,Refrigerator,LG,LG-570,LG-906859,793,2024-11-05,2027-08-16,33.8,24,0.0,Water Leakage,None,True,True,True,True,False,False,False,0,1f8473514621b5e4,Invalid Claim
CLM-0064,Tyler Miller,Refrigerator,Bosch,BOS-793,BO-301158,760,2024-11-11,2026-02-14,15.3,24,8.7,Board Defect,Authorized Center Repair,True,True,True,True,False,False,False,0,885a6f02a56918b4,Valid Claim
CLM-0590,Andrea Hernandez,Laptop,HP,HP-793,HP-509985,2129,2025-07-11,2026-01-08,6.0,12,6.0,Board Defect,Unauthorized Repair,True,True,True,False,True,False,False,0,d1a965f877d9040a,Invalid Claim
CLM-1198,Angela Cooper,Laptop,HP,HP-327,HP-110342,1160,2025-07-16,2025-10-04,2.7,12,9.3,Water Leakage,None,True,True,False,True,False,False,False,1,ed1afe857ad3327c,Manual Review
CLM-0389,Julie Gilbert,Smartphone,Samsung,SAM-123,SA-414849,437,2024-01-11,2024-03-03,1.7,12,10.3,Power Failure,None,True,True,True,True,False,False,False,0,568ca3896bad2438,Valid Claim
CLM-1311,Allison Torres,Refrigerator,LG,LG-475,LG-998630,1337,2024-06-19,2024-05-31,-0.6,24,24.0,Overheating,None,True,True,True,True,False,False,True,0,b6b45147d9bd4319,Manual Review
CLM-1169,Aaron Vincent DVM,Refrigerator,LG,LG-500,LG-596418,1888,2025-02-22,2026-03-15,12.9,24,11.1,Motor Failure,None,True,True,False,True,False,False,False,1,51dca19b314b8355,Manual Review
CLM-1256,Linda Valencia,Washing Machine,Whirlpool,WHI-990,WH-821541,1163,2024-04-26,2025-06-21,14.0,24,10.0,Board Defect,None,True,True,True,True,False,True,False,0,DUP_HASH_REF_001,Manual Review
CLM-0452,Stephen Gardner,Smartphone,Apple,APP-857,AP-310418,1055,2025-02-03,2025-08-01,6.0,12,6.0,Overheating,Authorized Center Repair,True,True,True,True,False,False,False,0,dda654e0d4024e47,Valid Claim
CLM-1145,Chloe Bowers,Washing Machine,Samsung,SAM-584,SA-645337,1017,2025-06-11,2026-04-09,10.1,24,13.9,Power Failure,None,True,True,False,True,False,False,False,1,6bed11b5c2efc809,Manual Review
CLM-0465,Sarah Chambers,Refrigerator,LG,LG-669,LG-132591,856,2024-10-14,2026-01-01,14.8,24,9.2,Board Defect,Authorized Center Repair,True,True,True,True,False,False,False,0,7f32756c6919f059,Valid Claim
CLM-0701,Mark Beard,Smartphone,Samsung,SAM-458,SA-299742,1013,2024-07-13,2025-02-04,6.9,12,5.1,Overheating,None,False,False,True,True,False,False,False,2,d65ca86d5fa15cfa,Invalid Claim
CLM-0704,Sarah Davis,Washing Machine,Samsung,SAM-659,SA-594078,860,2023-09-27,2026-04-03,30.6,24,0.0,Overheating,None,True,True,True,True,False,False,False,0,13631714d51e4ede,Invalid Claim
CLM-0131,Christian Lewis,Laptop,Apple,APP-525,AP-406039,2067,2024-03-23,2025-01-07,9.7,12,2.3,Water Leakage,Authorized Center Repair,True,True,True,True,False,False,False,0,876f3187acb5e593,Valid Claim
CLM-0771,Daniel Bird,Laptop,HP,HP-257,HP-245824,1572,2025-04-12,2027-02-15,22.5,12,0.0,Power Failure,Authorized Center Repair,True,False,True,False,False,False,False,1,17e9aa9b1f0c5c15,Invalid Claim
CLM-0622,Ashley Miller,Smartphone,Samsung,SAM-557,SA-705711,928,2024-07-01,2025-02-19,7.8,12,4.2,Board Defect,None,False,True,True,True,False,False,False,1,241dc251666c4aa8,Invalid Claim
CLM-0075,Dr. Kendra Contreras,Refrigerator,Bosch,BOS-550,BO-757193,1492,2025-01-13,2025-10-14,9.1,24,14.9,Motor Failure,Authorized Center Repair,True,True,True,True,False,False,False,0,54fb12160f4d0e73,Valid Claim
CLM-0604,Tamara Hall,Washing Machine,Whirlpool,WHI-140,WH-643042,611,2023-12-09,2025-02-08,14.2,24,9.8,Board Defect,Authorized Center Repair,False,False,True,True,False,False,False,2,b920537522e21acc,Invalid Claim
CLM-0741,Bradley Miller,Refrigerator,Samsung,SAM-216,SA-414870,1130,2025-01-16,2026-09-01,19.8,24,4.2,Board Defect,Unauthorized Repair,True,False,True,True,True,False,False,1,ef89edcca3a4c4ca,Invalid Claim
CLM-0325,Leslie Rose,Washing Machine,LG,LG-845,LG-512151,950,2024-05-03,2025-11-25,19.0,24,5.0,Screen Damage,None,True,True,True,True,False,False,False,0,5bb62a22cbb32caf,Valid Claim
CLM-0196,Joshua Holland,Refrigerator,Samsung,SAM-435,SA-901280,781,2024-02-26,2024-12-13,9.7,24,14.3,Motor Failure,Authorized Center Repair,True,True,True,True,False,False,False,0,3ca1bae053efdc0d,Valid Claim
CLM-0187,Patricia James,Laptop,Apple,APP-723,AP-688215,2330,2025-06-01,2026-04-12,10.5,12,1.5,Board Defect,None,True,True,True,True,False,False,False,0,d11833aaab47c9fd,Valid Claim
CLM-1018,Natalie Hoffman,Refrigerator,Bosch,BOS-137,BO-345637,952,2024-12-05,2026-05-24,17.8,24,6.2,Power Failure,None,True,True,True,True,False,True,False,0,DUP_HASH_REF_001,Manual Review
CLM-0361,Matthew Rangel,Laptop,Apple,APP-873,AP-666820,1986,2024-06-10,2024-12-26,6.6,12,5.4,Board Defect,Authorized Center Repair,True,True,True,True,False,False,False,0,90e9a4fcb38ca904,Valid Claim
CLM-0748,Carla Benton,Laptop,Dell,DEL-595,DE-630573,1508,2024-01-10,2025-10-08,21.2,12,0.0,Board Defect,None,True,True,True,False,False,False,False,0,0c6e7c9860db2cd7,Invalid Claim
CLM-0487,Tami Salas,Refrigerator,Samsung,SAM-414,SA-717558,1863,2024-10-19,2025-05-16,7.0,24,17.0,Board Defect,Authorized Center Repair,True,True,True,True,False,False,False,0,aa550ccb8fbdeca1,Valid Claim
CLM-0560,Antonio Fry,Washing Machine,LG,LG-660,LG-790917,1177,2024-08-12,2026-09-02,25.0,24,0.0,Overheating,Authorized Center Repair,True,False,True,False,False,False,False,1,dfab79c9e7cf49d7,Invalid Claim
CLM-0934,Carol Colon,Laptop,Apple,APP-391,AP-180567,2485,2024-10-20,2026-07-27,21.5,12,0.0,Board Defect,None,True,False,True,True,False,False,False,1,de7d0fce1ad84e8c,Invalid Claim
CLM-0324,Ashley Jordan,Smartphone,Samsung,SAM-769,SA-184148,1069,2024-03-11,2025-01-11,10.2,12,1.8,Power Failure,None,True,True,True,True,False,False,False,0,17653bd2bc3a2273,Valid Claim
CLM-0992,David Gonzalez,Washing Machine,Whirlpool,WHI-685,WH-871660,853,2025-04-08,2027-02-28,23.0,24,1.0,Board Defect,None,False,True,True,True,False,False,False,1,da0cb34f0d3c5b3c,Invalid Claim
CLM-0191,David Arnold,Refrigerator,Samsung,SAM-153,SA-426775,1257,2025-02-19,2026-02-16,12.1,24,11.9,Screen Damage,None,True,True,True,True,False,False,False,0,7fb816b64fe15aca,Valid Claim
CLM-0203,Laurie Smith,Laptop,Dell,DEL-894,DE-763984,1645,2025-07-06,2025-10-02,2.9,12,9.1,Power Failure,None,True,True,True,True,False,False,False,0,ab6e3bea90d86db6,Valid Claim
CLM-1128,Adam Pena,Refrigerator,Bosch,BOS-227,BO-174694,1704,2024-11-04,2026-01-26,14.9,24,9.1,Water Leakage,None,True,True,True,False,False,False,False,0,7863f0501b5427db,Manual Review
CLM-1216,Jason Moore,Smartphone,Samsung,SAM-458,SA-471083,911,2024-09-03,2024-11-26,2.8,12,9.2,Board Defect,None,True,True,True,False,False,False,False,0,a2eca9b02b9f6f1d,Manual Review
CLM-0367,Trevor Peterson,Washing Machine,LG,LG-879,LG-423241,405,2024-07-03,2025-10-31,16.2,24,7.8,Power Failure,Authorized Center Repair,True,True,True,True,False,False,False,0,0b148c8f3e1377b4,Valid Claim
CLM-0379,Rebecca Taylor,Laptop,Dell,DEL-916,DE-584045,2089,2024-01-29,2024-06-14,4.6,12,7.4,Power Failure,Authorized Center Repair,True,True,True,True,False,False,False,0,c2a8c6ef40465aed,Valid Claim
CLM-0338,Christopher Dixon,Refrigerator,Bosch,BOS-648,BO-571635,661,2024-03-16,2025-04-29,13.6,24,10.4,Board Defect,None,True,True,True,True,False,False,False,0,5e4930d2ff4d3254,Valid Claim
CLM-1354,Jason Newton,Smartphone,Apple,APP-680,AP-413267,668,2025-09-13,2025-08-18,-0.9,12,12.0,Board Defect,None,True,True,True,True,False,False,True,0,a0c31f8b3ae1f9b0,Manual Review
CLM-1362,Jennifer Moss,Smartphone,Samsung,SAM-935,SA-544320,1213,2024-04-03,2025-03-04,11.2,12,0.8,Power Failure,None,True,True,True,True,False,True,False,0,DUP_HASH_REF_001,Manual Review
CLM-0854,Jeremy Baker,Washing Machine,LG,LG-190,LG-417960,612,2024-07-18,2026-02-05,18.9,24,5.1,Motor Failure,Authorized Center Repair,False,True,True,False,False,False,False,1,e0b13c52480a15e7,Invalid Claim
CLM-0062,Kimberly Adkins,Laptop,Lenovo,LEN-779,LE-173372,1483,2023-11-10,2024-05-27,6.6,12,5.4,Motor Failure,Authorized Center Repair,True,True,True,True,False,False,False,0,9686b4113fc51105,Valid Claim
CLM-0610,Lacey Atkinson,Laptop,HP,HP-270,HP-760120,875,2024-01-30,2024-03-20,1.7,12,10.3,Power Failure,Unauthorized Repair,True,True,True,True,True,False,False,0,d4541d19366e289c,Invalid Claim
CLM-0726,Brenda Martinez,Washing Machine,LG,LG-356,LG-718990,864,2023-12-02,2024-07-25,7.9,24,16.1,Power Failure,Unauthorized Repair,True,False,True,True,True,False,False,1,b7ed7a5e9d7b2716,Invalid Claim
CLM-1452,Jennifer Gutierrez,Washing Machine,Samsung,SAM-278,SA-492505,1181,2024-05-17,2026-02-27,21.7,24,2.3,Power Failure,None,True,True,True,False,False,False,False,0,837ef5ce2a096ed3,Manual Review
CLM-1241,Natasha Dunn,Washing Machine,LG,LG-556,LG-786141,1000,2025-01-26,2024-12-30,-0.9,24,24.0,Motor Failure,None,True,True,True,True,False,False,True,0,a7efdfeee19510eb,Manual Review
CLM-0782,Eric Baker,Washing Machine,Whirlpool,WHI-927,WH-733152,514,2025-05-16,2028-04-02,35.1,24,0.0,Screen Damage,None,True,False,True,False,False,False,False,1,e17f0915d29fa3e1,Invalid Claim
CLM-1086,Donna Marshall,Smartphone,Samsung,SAM-394,SA-704118,1247,2024-12-26,2025-02-14,1.7,12,10.3,Board Defect,None,True,True,True,False,False,False,False,0,2c295019e8cb409c,Manual Review
CLM-0656,Thomas Miller,Refrigerator,LG,LG-705,LG-666843,1456,2023-12-16,2025-07-29,19.7,24,4.3,Overheating,Authorized Center Repair,False,True,True,True,False,False,False,1,1fba67907f1e3c87,Invalid Claim
CLM-1054,Nicole Richards,Washing Machine,Whirlpool,WHI-908,WH-298287,1001,2025-04-07,2026-11-06,19.3,24,4.7,Screen Damage,None,True,True,True,True,False,True,False,0,DUP_HASH_REF_001,Manual Review
CLM-0305,Ronald Davis,Washing Machine,Samsung,SAM-237,SA-576419,691,2024-09-28,2026-08-15,22.9,24,1.1,Overheating,Authorized Center Repair,True,True,True,True,False,False,False,0,7b497060caafcb4b,Valid Claim
CLM-1163,Timothy Woods,Refrigerator,Bosch,BOS-504,BO-644998,758,2024-06-17,2024-06-09,-0.3,24,24.0,Motor Failure,None,True,True,True,True,False,False,True,0,955cf7a3a40ac85d,Manual Review
CLM-1047,Joshua Park,Washing Machine,LG,LG-144,LG-561801,697,2025-07-06,2026-02-20,7.6,24,16.4,Motor Failure,None,True,True,True,True,False,True,False,0,DUP_HASH_REF_001,Manual Review
CLM-0807,Yvonne Dickson,Laptop,Dell,DEL-348,DE-871185,675,2024-06-29,2026-03-31,21.3,12,0.0,Board Defect,None,True,False,True,True,False,False,False,1,03c3e0886dfc180e,Invalid Claim
CLM-1460,Erin Newman,Washing Machine,Whirlpool,WHI-948,WH-446994,953,2025-05-17,2025-05-03,-0.5,24,24.0,Power Failure,None,True,True,True,True,False,False,True,0,6a2e5b57d99c1c35,Manual Review
CLM-0094,Courtney Velasquez,Washing Machine,Samsung,SAM-545,SA-766459,770,2023-10-26,2025-03-09,16.7,24,7.3,Screen Damage,None,True,True,True,True,False,False,False,0,3ebc07250d6565f4,Valid Claim
CLM-0306,Jacqueline Anderson,Smartphone,Samsung,SAM-266,SA-948102,694,2023-12-10,2024-03-06,2.9,12,9.1,Board Defect,Authorized Center Repair,True,True,True,True,False,False,False,0,f7be1bcef8aa4b46,Valid Claim
CLM-0520,Angie Caldwell,Laptop,HP,HP-625,HP-336047,1925,2024-08-23,2025-01-05,4.5,12,7.5,Motor Failure,Unauthorized Repair,True,False,True,False,True,False,False,1,654fe9611ef590ae,Invalid Claim
CLM-1004,Brenda Morrison,Smartphone,Apple,APP-653,AP-313340,1324,2024-09-11,2024-12-22,3.4,12,8.6,Screen Damage,None,True,True,True,True,False,True,False,0,DUP_HASH_REF_001,Manual Review
CLM-0562,William David DDS,Laptop,HP,HP-210,HP-993590,847,2024-11-30,2025-04-19,4.7,12,7.3,Water Leakage,Authorized Center Repair,False,True,True,False,False,False,False,1,d7f70d6c6b139587,Invalid Claim
CLM-0371,Linda Moore,Laptop,HP,HP-375,HP-499226,2003,2025-05-13,2025-09-06,3.9,12,8.1,Power Failure,None,True,True,True,True,False,False,False,0,79af1a89647d0741,Valid Claim
CLM-1173,Joseph Henderson,Laptop,Dell,DEL-794,DE-861221,1341,2024-12-16,2025-11-05,10.8,12,1.2,Screen Damage,None,True,True,True,False,False,False,False,0,479fa2ac40d1607d,Manual Review
CLM-0894,Penny Lewis,Refrigerator,Samsung,SAM-960,SA-414070,1759,2024-01-30,2025-05-20,15.9,24,8.1,Overheating,None,False,False,True,True,False,False,False,2,1f22af2fc5c488db,Invalid Claim
CLM-1044,Bradley Davis,Smartphone,Apple,APP-738,AP-769795,307,2024-02-22,2024-02-03,-0.6,12,12.0,Screen Damage,None,True,True,True,True,False,False,True,0,07b8189ffc5f6fb0,Manual Review
CLM-0058,Dr. Steven Martin,Refrigerator,Samsung,SAM-795,SA-468203,1071,2024-10-07,2026-08-24,22.9,24,1.1,Overheating,Authorized Center Repair,True,True,True,True,False,False,False,0,bf44c466fda33965,Valid Claim
CLM-0774,Jacqueline Villegas,Smartphone,Samsung,SAM-829,SA-336706,1027,2024-08-11,2026-04-10,20.2,12,0.0,Overheating,None,True,False,True,True,False,False,False,1,f2141cb3215dc797,Invalid Claim
CLM-0618,Raymond Phillips,Washing Machine,Samsung,SAM-691,SA-670143,1012,2025-02-20,2025-12-10,9.8,24,14.2,Overheating,None,False,True,True,True,False,False,False,1,10c88f877dfb9f8d,Invalid Claim
CLM-1124,Melissa Davis,Refrigerator,Bosch,BOS-489,BO-260221,1600,2025-08-31,2025-08-18,-0.4,24,24.0,Water Leakage,None,True,True,True,True,False,False,True,0,782fa2a9acc13700,Manual Review
CLM-0089,Tammy Young,Refrigerator,LG,LG-896,LG-735324,843,2025-01-20,2026-11-02,21.7,24,2.3,Screen Damage,None,True,True,True,True,False,False,False,0,ef535b5a78629c29,Valid Claim
CLM-0536,Jill Brown,Washing Machine,Samsung,SAM-397,SA-717265,915,2023-12-05,2024-06-23,6.7,24,17.3,Water Leakage,None,False,True,True,False,False,False,False,1,f12c705be0b1c13d,Invalid Claim
CLM-0418,Zachary Hill,Laptop,Apple,APP-201,AP-460437,2214,2025-09-03,2025-10-27,1.8,12,10.2,Board Defect,None,True,True,True,True,False,False,False,0,e4e38d52fb2b96a5,Valid Claim
CLM-0469,James Cole,Smartphone,Apple,APP-143,AP-988432,488,2024-11-28,2025-06-15,6.6,12,5.4,Water Leakage,None,True,True,True,True,False,False,False,0,cdc7ad1cc5483cd2,Valid Claim
CLM-0764,Jesus Wood,Washing Machine,Whirlpool,WHI-941,WH-702080,1128,2024-06-06,2024-10-31,4.9,24,19.1,Water Leakage,Authorized Center Repair,False,False,True,True,False,False,False,2,4cd0a9e2b8641c43,Invalid Claim
CLM-1096,Deborah Stephens,Refrigerator,Samsung,SAM-281,SA-979226,849,2024-04-25,2024-06-12,1.6,24,22.4,Power Failure,None,True,True,True,False,False,False,False,0,d17f6bfe23ac74e9,Manual Review
CLM-1069,Angel Powers,Refrigerator,LG,LG-583,LG-525468,1327,2024-09-18,2026-06-03,20.8,24,3.2,Board Defect,None,True,True,True,False,False,False,False,0,e53f430590c88196,Manual Review
CLM-0151,Michelle Strickland,Smartphone,Samsung,SAM-751,SA-736553,771,2025-01-09,2025-08-07,7.0,12,5.0,Screen Damage,None,True,True,True,True,False,False,False,0,7437aed060ee08f2,Valid Claim
CLM-0849,Rodney Weber,Laptop,Apple,APP-300,AP-196973,1331,2024-08-23,2024-10-20,1.9,12,10.1,Motor Failure,None,False,True,True,False,False,False,False,1,b4d9312b4682bcf1,Invalid Claim
CLM-0145,Bradley Smith,Washing Machine,Whirlpool,WHI-697,WH-749813,791,2024-08-18,2025-05-21,9.2,24,14.8,Screen Damage,Authorized Center Repair,True,True,True,True,False,False,False,0,c83caff17689d658,Valid Claim
CLM-1137,George Pierce,Smartphone,Google,GOO-101,GO-106732,930,2024-10-24,2025-02-17,3.9,12,8.1,Motor Failure,None,True,True,False,True,False,False,False,1,2cbb5008a115532f,Manual Review
CLM-0685,Wendy Weaver,Washing Machine,LG,LG-638,LG-201836,931,2025-05-20,2027-10-05,28.9,24,0.0,Board Defect,Authorized Center Repair,True,True,True,True,False,False,False,0,51b14dc256c899b8,Invalid Claim
CLM-0138,John Price,Refrigerator,Samsung,SAM-115,SA-204555,1401,2024-03-14,2025-10-03,18.9,24,5.1,Board Defect,Authorized Center Repair,True,True,True,True,False,False,False,0,d2228f2cb7062f1d,Valid Claim
CLM-0070,Eugene Walton,Laptop,Apple,APP-771,AP-519066,1612,2025-02-08,2025-07-12,5.1,12,6.9,Board Defect,None,True,True,True,True,False,False,False,0,e8672fbd96fb08c5,Valid Claim
CLM-0369,Katie Fernandez,Smartphone,Apple,APP-711,AP-193972,353,2025-07-12,2026-02-08,7.0,12,5.0,Overheating,None,True,True,True,True,False,False,False,0,97df1f36cfde118f,Valid Claim
CLM-1494,Christopher Williams,Washing Machine,Samsung,SAM-551,SA-678235,1024,2025-01-26,2026-01-12,11.7,24,12.3,Screen Damage,None,True,True,True,False,False,False,False,0,57737c88f4a334c6,Manual Review
CLM-0537,Joyce Brown,Refrigerator,LG,LG-931,LG-240288,1906,2024-01-06,2025-06-20,17.7,24,6.3,Water Leakage,Authorized Center Repair,False,True,True,True,False,False,False,1,98ac29f007202bdb,Invalid Claim
CLM-1022,Christina Melton,Washing Machine,Whirlpool,WHI-797,WH-658829,1094,2023-10-06,2025-07-26,22.0,24,2.0,Overheating,None,True,True,True,True,False,True,False,0,DUP_HASH_REF_001,Manual Review
CLM-0349,Vanessa Davis,Washing Machine,Whirlpool,WHI-882,WH-979827,434,2023-11-24,2024-03-09,3.5,24,20.5,Motor Failure,None,True,True,True,True,False,False,False,0,c8bd9c7fd4bea242,Valid Claim
CLM-0518,Laura Todd,Washing Machine,LG,LG-700,LG-612530,781,2024-06-13,2025-10-12,16.2,24,7.8,Overheating,Unauthorized Repair,True,True,True,False,True,False,False,0,e987927eda01c2ce,Invalid Claim
CLM-0334,Frederick Solis,Washing Machine,Samsung,SAM-813,SA-803953,1058,2024-08-05,2025-09-29,14.0,24,10.0,Water Leakage,Authorized Center Repair,True,True,True,True,False,False,False,0,14881c757060f255,Valid Claim
CLM-0159,Tyler Reid,Refrigerator,Bosch,BOS-210,BO-962367,1280,2024-10-10,2026-08-24,22.8,24,1.2,Board Defect,Authorized Center Repair,True,True,True,True,False,False,False,0,e409d13f45b5d9cf,Valid Claim
